<environmentvariabledefinition schemaname="new_BOLOSiteUrl">
  <defaultvalue>https://gov210645.sharepoint.com/sites/Dataverse</defaultvalue>
  <description default="Url to BOLO Site ">
    <label description="Url to BOLO Site " languagecode="1033" />
  </description>
  <displayname default="BOLOSiteUrl">
    <label description="BOLOSiteUrl" languagecode="1033" />
  </displayname>
  <introducedversion>1.0.0.3</introducedversion>
  <iscustomizable>1</iscustomizable>
  <isrequired>0</isrequired>
  <secretstore>0</secretstore>
  <type>100000000</type>
</environmentvariabledefinition>