{
  "properties": {
    "connectionReferences": {
      "shared_sharepointonline_1": {
        "runtimeSource": "invoker",
        "connection": {
          "connectionReferenceLogicalName": "new_SharePointConnection"
        },
        "api": {
          "name": "shared_sharepointonline"
        }
      }
    },
    "definition": {
      "$schema": "https://schema.management.azure.com/providers/Microsoft.Logic/schemas/2016-06-01/workflowdefinition.json#",
      "contentVersion": "1.0.0.0",
      "parameters": {
        "$connections": {
          "defaultValue": {},
          "type": "Object"
        },
        "$authentication": {
          "defaultValue": {},
          "type": "SecureObject"
        },
        "BOLOSiteUrl (new_BOLOSiteUrl)": {
          "defaultValue": "https://gov210645.sharepoint.com/sites/Dataverse",
          "type": "String",
          "metadata": {
            "schemaName": "new_BOLOSiteUrl",
            "description": "Url to BOLO Site "
          }
        }
      },
      "triggers": {
        "manual": {
          "metadata": {
            "operationMetadataId": "5f8f54a7-adb8-4068-8808-a8b736f9a4b7"
          },
          "type": "Request",
          "kind": "Button",
          "inputs": {
            "schema": {
              "type": "object",
              "properties": {},
              "required": []
            }
          }
        }
      },
      "actions": {
        "Compose": {
          "runAfter": {},
          "metadata": {
            "operationMetadataId": "0091d194-a5a1-4bae-9658-1e65a7ea74ed"
          },
          "type": "Compose",
          "inputs": {
            "d": {
              "GetSiteScriptFromList": "{\r\n  \"$schema\": \"https://developer.microsoft.com/json-schemas/sp/site-design-script-actions.schema.json\",\r\n  \"actions\": [\r\n    {\r\n      \"verb\": \"createSPList\",\r\n      \"listName\": \"Person Bolo\",\r\n      \"templateType\": 100,\r\n      \"color\": \"7\",\r\n      \"icon\": \"5\",\r\n      \"subactions\": [\r\n        {\r\n          \"verb\": \"addSPFieldXml\",\r\n          \"schemaXml\": \"<Field ID=\\\"{fa564e0f-0c70-4ab9-b863-0177e6ddd247}\\\" Type=\\\"Text\\\" Name=\\\"Title\\\" DisplayName=\\\"Title\\\" Required=\\\"TRUE\\\" SourceID=\\\"http://schemas.microsoft.com/sharepoint/v3\\\" StaticName=\\\"Title\\\" FromBaseType=\\\"TRUE\\\" MaxLength=\\\"255\\\" />\"\r\n        },\r\n        {\r\n          \"verb\": \"addSPFieldXml\",\r\n          \"schemaXml\": \"<Field DisplayName=\\\"FirstName\\\" Format=\\\"Dropdown\\\" IsModern=\\\"TRUE\\\" MaxLength=\\\"255\\\" Name=\\\"FirstName\\\" Title=\\\"FirstName\\\" Type=\\\"Text\\\" ID=\\\"{045913f1-008a-440d-9484-b3cf085fd592}\\\" StaticName=\\\"FirstName\\\" />\"\r\n        },\r\n        {\r\n          \"verb\": \"addSPFieldXml\",\r\n          \"schemaXml\": \"<Field DisplayName=\\\"MiddleName\\\" Format=\\\"Dropdown\\\" IsModern=\\\"TRUE\\\" MaxLength=\\\"255\\\" Name=\\\"MiddleName\\\" Title=\\\"MiddleName\\\" Type=\\\"Text\\\" ID=\\\"{e779d040-51c7-448d-821f-0073f95d2858}\\\" StaticName=\\\"MiddleName\\\" />\"\r\n        },\r\n        {\r\n          \"verb\": \"addSPFieldXml\",\r\n          \"schemaXml\": \"<Field DisplayName=\\\"LastName\\\" Format=\\\"Dropdown\\\" IsModern=\\\"TRUE\\\" MaxLength=\\\"255\\\" Name=\\\"LastName\\\" Title=\\\"LastName\\\" Type=\\\"Text\\\" ID=\\\"{5e74f85e-42a8-488e-91a4-6230bbe64cfc}\\\" StaticName=\\\"LastName\\\" />\"\r\n        },\r\n        {\r\n          \"verb\": \"addSPFieldXml\",\r\n          \"schemaXml\": \"<Field CustomFormatter=\\\"{&quot;elmType&quot;:&quot;div&quot;,&quot;style&quot;:{&quot;flex-wrap&quot;:&quot;wrap&quot;,&quot;display&quot;:&quot;flex&quot;},&quot;children&quot;:[{&quot;elmType&quot;:&quot;div&quot;,&quot;style&quot;:{&quot;box-sizing&quot;:&quot;border-box&quot;,&quot;padding&quot;:&quot;4px 8px 5px 8px&quot;,&quot;display&quot;:&quot;flex&quot;,&quot;border-radius&quot;:&quot;16px&quot;,&quot;height&quot;:&quot;24px&quot;,&quot;align-items&quot;:&quot;center&quot;,&quot;white-space&quot;:&quot;nowrap&quot;,&quot;overflow&quot;:&quot;hidden&quot;,&quot;margin&quot;:&quot;4px 4px 4px 4px&quot;},&quot;attributes&quot;:{&quot;class&quot;:{&quot;operator&quot;:&quot;:&quot;,&quot;operands&quot;:[{&quot;operator&quot;:&quot;==&quot;,&quot;operands&quot;:[&quot;@currentField&quot;,&quot;Male&quot;]},&quot;sp-css-backgroundColor-BgCornflowerBlue&quot;,{&quot;operator&quot;:&quot;:&quot;,&quot;operands&quot;:[{&quot;operator&quot;:&quot;==&quot;,&quot;operands&quot;:[&quot;@currentField&quot;,&quot;Female&quot;]},&quot;sp-css-backgroundColor-BgMintGreen&quot;,{&quot;operator&quot;:&quot;:&quot;,&quot;operands&quot;:[{&quot;operator&quot;:&quot;==&quot;,&quot;operands&quot;:[&quot;@currentField&quot;,&quot;&quot;]},&quot;&quot;,&quot;sp-field-borderAllRegular sp-field-borderAllSolid sp-css-borderColor-neutralSecondary&quot;]}]}]}},&quot;children&quot;:[{&quot;elmType&quot;:&quot;span&quot;,&quot;style&quot;:{&quot;line-height&quot;:&quot;16px&quot;,&quot;height&quot;:&quot;14px&quot;},&quot;attributes&quot;:{&quot;iconName&quot;:{&quot;operator&quot;:&quot;:&quot;,&quot;operands&quot;:[{&quot;operator&quot;:&quot;==&quot;,&quot;operands&quot;:[&quot;@currentField&quot;,&quot;Male&quot;]},&quot;&quot;,{&quot;operator&quot;:&quot;:&quot;,&quot;operands&quot;:[{&quot;operator&quot;:&quot;==&quot;,&quot;operands&quot;:[&quot;@currentField&quot;,&quot;Female&quot;]},&quot;&quot;,{&quot;operator&quot;:&quot;:&quot;,&quot;operands&quot;:[{&quot;operator&quot;:&quot;==&quot;,&quot;operands&quot;:[&quot;@currentField&quot;,&quot;&quot;]},&quot;&quot;,&quot;&quot;]}]}]},&quot;class&quot;:{&quot;operator&quot;:&quot;:&quot;,&quot;operands&quot;:[{&quot;operator&quot;:&quot;==&quot;,&quot;operands&quot;:[&quot;@currentField&quot;,&quot;Male&quot;]},&quot;&quot;,{&quot;operator&quot;:&quot;:&quot;,&quot;operands&quot;:[{&quot;operator&quot;:&quot;==&quot;,&quot;operands&quot;:[&quot;@currentField&quot;,&quot;Female&quot;]},&quot;&quot;,{&quot;operator&quot;:&quot;:&quot;,&quot;operands&quot;:[{&quot;operator&quot;:&quot;==&quot;,&quot;operands&quot;:[&quot;@currentField&quot;,&quot;&quot;]},&quot;&quot;,&quot;&quot;]}]}]}}},{&quot;elmType&quot;:&quot;span&quot;,&quot;style&quot;:{&quot;overflow&quot;:&quot;hidden&quot;,&quot;text-overflow&quot;:&quot;ellipsis&quot;,&quot;padding&quot;:&quot;0 3px&quot;},&quot;txtContent&quot;:&quot;@currentField&quot;,&quot;attributes&quot;:{&quot;class&quot;:{&quot;operator&quot;:&quot;:&quot;,&quot;operands&quot;:[{&quot;operator&quot;:&quot;==&quot;,&quot;operands&quot;:[&quot;@currentField&quot;,&quot;Male&quot;]},&quot;sp-css-color-CornflowerBlueFont&quot;,{&quot;operator&quot;:&quot;:&quot;,&quot;operands&quot;:[{&quot;operator&quot;:&quot;==&quot;,&quot;operands&quot;:[&quot;@currentField&quot;,&quot;Female&quot;]},&quot;sp-css-color-MintGreenFont&quot;,{&quot;operator&quot;:&quot;:&quot;,&quot;operands&quot;:[{&quot;operator&quot;:&quot;==&quot;,&quot;operands&quot;:[&quot;@currentField&quot;,&quot;&quot;]},&quot;&quot;,&quot;&quot;]}]}]}}}]}],&quot;templateId&quot;:&quot;BgColorChoicePill&quot;}\\\" DisplayName=\\\"Gender\\\" FillInChoice=\\\"FALSE\\\" Format=\\\"Dropdown\\\" IsModern=\\\"TRUE\\\" Name=\\\"Gender\\\" Title=\\\"Gender\\\" Type=\\\"Choice\\\" ID=\\\"{617235d0-7b0d-4ddd-b44a-6d26384412bb}\\\" StaticName=\\\"Gender\\\"><CHOICES><CHOICE>Male</CHOICE><CHOICE>Female</CHOICE></CHOICES></Field>\"\r\n        },\r\n        {\r\n          \"verb\": \"addSPFieldXml\",\r\n          \"schemaXml\": \"<Field DisplayName=\\\"DOB\\\" Format=\\\"Dropdown\\\" IsModern=\\\"TRUE\\\" MaxLength=\\\"255\\\" Name=\\\"DOB\\\" Title=\\\"DOB\\\" Type=\\\"Text\\\" ID=\\\"{df3b69a0-a86c-49b4-89df-9ce86648e745}\\\" StaticName=\\\"DOB\\\" />\"\r\n        },\r\n        {\r\n          \"verb\": \"addSPFieldXml\",\r\n          \"schemaXml\": \"<Field ClientSideComponentId=\\\"00000000-0000-0000-0000-000000000000\\\" CustomFormatter=\\\"{&quot;elmType&quot;:&quot;div&quot;,&quot;style&quot;:{&quot;flex-wrap&quot;:&quot;wrap&quot;,&quot;display&quot;:&quot;flex&quot;},&quot;children&quot;:[{&quot;forEach&quot;:&quot;__INTERNAL__ in @currentField&quot;,&quot;elmType&quot;:&quot;div&quot;,&quot;style&quot;:{&quot;box-sizing&quot;:&quot;border-box&quot;,&quot;padding&quot;:&quot;4px 8px 5px 8px&quot;,&quot;display&quot;:&quot;flex&quot;,&quot;border-radius&quot;:&quot;16px&quot;,&quot;height&quot;:&quot;24px&quot;,&quot;align-items&quot;:&quot;center&quot;,&quot;white-space&quot;:&quot;nowrap&quot;,&quot;overflow&quot;:&quot;hidden&quot;,&quot;margin&quot;:&quot;4px 4px 4px 4px&quot;},&quot;attributes&quot;:{&quot;class&quot;:{&quot;operator&quot;:&quot;:&quot;,&quot;operands&quot;:[{&quot;operator&quot;:&quot;==&quot;,&quot;operands&quot;:[&quot;[$__INTERNAL__]&quot;,&quot;White&quot;]},&quot;sp-css-backgroundColor-BgCornflowerBlue&quot;,{&quot;operator&quot;:&quot;:&quot;,&quot;operands&quot;:[{&quot;operator&quot;:&quot;==&quot;,&quot;operands&quot;:[&quot;[$__INTERNAL__]&quot;,&quot;Black&quot;]},&quot;sp-css-backgroundColor-BgMintGreen&quot;,{&quot;operator&quot;:&quot;:&quot;,&quot;operands&quot;:[{&quot;operator&quot;:&quot;==&quot;,&quot;operands&quot;:[&quot;[$__INTERNAL__]&quot;,&quot;Hispanic&quot;]},&quot;sp-css-backgroundColor-BgCoral&quot;,{&quot;operator&quot;:&quot;:&quot;,&quot;operands&quot;:[{&quot;operator&quot;:&quot;==&quot;,&quot;operands&quot;:[&quot;[$__INTERNAL__]&quot;,&quot;Asian&quot;]},&quot;sp-css-backgroundColor-BgDustRose&quot;,{&quot;operator&quot;:&quot;:&quot;,&quot;operands&quot;:[{&quot;operator&quot;:&quot;==&quot;,&quot;operands&quot;:[&quot;[$__INTERNAL__]&quot;,&quot;Native American&quot;]},&quot;sp-css-backgroundColor-BgGold&quot;,{&quot;operator&quot;:&quot;:&quot;,&quot;operands&quot;:[{&quot;operator&quot;:&quot;==&quot;,&quot;operands&quot;:[&quot;[$__INTERNAL__]&quot;,&quot; Middle Eastern&quot;]},&quot;sp-css-backgroundColor-BgCyan&quot;,{&quot;operator&quot;:&quot;:&quot;,&quot;operands&quot;:[{&quot;operator&quot;:&quot;==&quot;,&quot;operands&quot;:[&quot;[$__INTERNAL__]&quot;,&quot;Native Hawaiian or Other Pacific Islander&quot;]},&quot;sp-css-backgroundColor-BgPeach&quot;,{&quot;operator&quot;:&quot;:&quot;,&quot;operands&quot;:[{&quot;operator&quot;:&quot;==&quot;,&quot;operands&quot;:[&quot;[$__INTERNAL__]&quot;,&quot;Middle Eastern&quot;]},&quot;sp-css-backgroundColor-BgBlue sp-field-borderAllRegular sp-field-borderAllSolid sp-css-borderColor-WhiteFont&quot;,{&quot;operator&quot;:&quot;:&quot;,&quot;operands&quot;:[{&quot;operator&quot;:&quot;==&quot;,&quot;operands&quot;:[&quot;[$__INTERNAL__]&quot;,&quot;Other/Unknown&quot;]},&quot;sp-css-backgroundColor-BgSage&quot;,&quot;sp-field-borderAllRegular sp-field-borderAllSolid sp-css-borderColor-neutralSecondary&quot;]}]}]}]}]}]}]}]}]}},&quot;children&quot;:[{&quot;elmType&quot;:&quot;span&quot;,&quot;style&quot;:{&quot;line-height&quot;:&quot;16px&quot;,&quot;height&quot;:&quot;14px&quot;},&quot;attributes&quot;:{&quot;iconName&quot;:{&quot;operator&quot;:&quot;:&quot;,&quot;operands&quot;:[{&quot;operator&quot;:&quot;==&quot;,&quot;operands&quot;:[&quot;[$__INTERNAL__]&quot;,&quot;White&quot;]},&quot;&quot;,{&quot;operator&quot;:&quot;:&quot;,&quot;operands&quot;:[{&quot;operator&quot;:&quot;==&quot;,&quot;operands&quot;:[&quot;[$__INTERNAL__]&quot;,&quot;Black&quot;]},&quot;&quot;,{&quot;operator&quot;:&quot;:&quot;,&quot;operands&quot;:[{&quot;operator&quot;:&quot;==&quot;,&quot;operands&quot;:[&quot;[$__INTERNAL__]&quot;,&quot;Hispanic&quot;]},&quot;&quot;,{&quot;operator&quot;:&quot;:&quot;,&quot;operands&quot;:[{&quot;operator&quot;:&quot;==&quot;,&quot;operands&quot;:[&quot;[$__INTERNAL__]&quot;,&quot;Asian&quot;]},&quot;&quot;,{&quot;operator&quot;:&quot;:&quot;,&quot;operands&quot;:[{&quot;operator&quot;:&quot;==&quot;,&quot;operands&quot;:[&quot;[$__INTERNAL__]&quot;,&quot;Native American&quot;]},&quot;&quot;,{&quot;operator&quot;:&quot;:&quot;,&quot;operands&quot;:[{&quot;operator&quot;:&quot;==&quot;,&quot;operands&quot;:[&quot;[$__INTERNAL__]&quot;,&quot; Middle Eastern&quot;]},&quot;&quot;,{&quot;operator&quot;:&quot;:&quot;,&quot;operands&quot;:[{&quot;operator&quot;:&quot;==&quot;,&quot;operands&quot;:[&quot;[$__INTERNAL__]&quot;,&quot;Native Hawaiian or Other Pacific Islander&quot;]},&quot;&quot;,{&quot;operator&quot;:&quot;:&quot;,&quot;operands&quot;:[{&quot;operator&quot;:&quot;==&quot;,&quot;operands&quot;:[&quot;[$__INTERNAL__]&quot;,&quot;Middle Eastern&quot;]},&quot;&quot;,{&quot;operator&quot;:&quot;:&quot;,&quot;operands&quot;:[{&quot;operator&quot;:&quot;==&quot;,&quot;operands&quot;:[&quot;[$__INTERNAL__]&quot;,&quot;Other/Unknown&quot;]},&quot;&quot;,&quot;&quot;]}]}]}]}]}]}]}]}]},&quot;class&quot;:{&quot;operator&quot;:&quot;:&quot;,&quot;operands&quot;:[{&quot;operator&quot;:&quot;==&quot;,&quot;operands&quot;:[&quot;[$__INTERNAL__]&quot;,&quot;White&quot;]},&quot;&quot;,{&quot;operator&quot;:&quot;:&quot;,&quot;operands&quot;:[{&quot;operator&quot;:&quot;==&quot;,&quot;operands&quot;:[&quot;[$__INTERNAL__]&quot;,&quot;Black&quot;]},&quot;&quot;,{&quot;operator&quot;:&quot;:&quot;,&quot;operands&quot;:[{&quot;operator&quot;:&quot;==&quot;,&quot;operands&quot;:[&quot;[$__INTERNAL__]&quot;,&quot;Hispanic&quot;]},&quot;&quot;,{&quot;operator&quot;:&quot;:&quot;,&quot;operands&quot;:[{&quot;operator&quot;:&quot;==&quot;,&quot;operands&quot;:[&quot;[$__INTERNAL__]&quot;,&quot;Asian&quot;]},&quot;&quot;,{&quot;operator&quot;:&quot;:&quot;,&quot;operands&quot;:[{&quot;operator&quot;:&quot;==&quot;,&quot;operands&quot;:[&quot;[$__INTERNAL__]&quot;,&quot;Native American&quot;]},&quot;&quot;,{&quot;operator&quot;:&quot;:&quot;,&quot;operands&quot;:[{&quot;operator&quot;:&quot;==&quot;,&quot;operands&quot;:[&quot;[$__INTERNAL__]&quot;,&quot; Middle Eastern&quot;]},&quot;&quot;,{&quot;operator&quot;:&quot;:&quot;,&quot;operands&quot;:[{&quot;operator&quot;:&quot;==&quot;,&quot;operands&quot;:[&quot;[$__INTERNAL__]&quot;,&quot;Native Hawaiian or Other Pacific Islander&quot;]},&quot;&quot;,{&quot;operator&quot;:&quot;:&quot;,&quot;operands&quot;:[{&quot;operator&quot;:&quot;==&quot;,&quot;operands&quot;:[&quot;[$__INTERNAL__]&quot;,&quot;Middle Eastern&quot;]},&quot;sp-css-color-WhiteFont&quot;,{&quot;operator&quot;:&quot;:&quot;,&quot;operands&quot;:[{&quot;operator&quot;:&quot;==&quot;,&quot;operands&quot;:[&quot;[$__INTERNAL__]&quot;,&quot;Other/Unknown&quot;]},&quot;&quot;,&quot;&quot;]}]}]}]}]}]}]}]}]}}},{&quot;elmType&quot;:&quot;span&quot;,&quot;style&quot;:{&quot;overflow&quot;:&quot;hidden&quot;,&quot;text-overflow&quot;:&quot;ellipsis&quot;,&quot;padding&quot;:&quot;0 3px&quot;},&quot;txtContent&quot;:&quot;[$__INTERNAL__]&quot;,&quot;attributes&quot;:{&quot;class&quot;:{&quot;operator&quot;:&quot;:&quot;,&quot;operands&quot;:[{&quot;operator&quot;:&quot;==&quot;,&quot;operands&quot;:[&quot;[$__INTERNAL__]&quot;,&quot;White&quot;]},&quot;sp-css-color-CornflowerBlueFont&quot;,{&quot;operator&quot;:&quot;:&quot;,&quot;operands&quot;:[{&quot;operator&quot;:&quot;==&quot;,&quot;operands&quot;:[&quot;[$__INTERNAL__]&quot;,&quot;Black&quot;]},&quot;sp-css-color-MintGreenFont&quot;,{&quot;operator&quot;:&quot;:&quot;,&quot;operands&quot;:[{&quot;operator&quot;:&quot;==&quot;,&quot;operands&quot;:[&quot;[$__INTERNAL__]&quot;,&quot;Hispanic&quot;]},&quot;sp-css-color-CoralFont&quot;,{&quot;operator&quot;:&quot;:&quot;,&quot;operands&quot;:[{&quot;operator&quot;:&quot;==&quot;,&quot;operands&quot;:[&quot;[$__INTERNAL__]&quot;,&quot;Asian&quot;]},&quot;sp-css-color-DustRoseFont&quot;,{&quot;operator&quot;:&quot;:&quot;,&quot;operands&quot;:[{&quot;operator&quot;:&quot;==&quot;,&quot;operands&quot;:[&quot;[$__INTERNAL__]&quot;,&quot;Native American&quot;]},&quot;sp-css-color-GoldFont&quot;,{&quot;operator&quot;:&quot;:&quot;,&quot;operands&quot;:[{&quot;operator&quot;:&quot;==&quot;,&quot;operands&quot;:[&quot;[$__INTERNAL__]&quot;,&quot; Middle Eastern&quot;]},&quot;sp-css-color-CyanFont&quot;,{&quot;operator&quot;:&quot;:&quot;,&quot;operands&quot;:[{&quot;operator&quot;:&quot;==&quot;,&quot;operands&quot;:[&quot;[$__INTERNAL__]&quot;,&quot;Native Hawaiian or Other Pacific Islander&quot;]},&quot;sp-css-color-PeachFont&quot;,{&quot;operator&quot;:&quot;:&quot;,&quot;operands&quot;:[{&quot;operator&quot;:&quot;==&quot;,&quot;operands&quot;:[&quot;[$__INTERNAL__]&quot;,&quot;Middle Eastern&quot;]},&quot;sp-css-color-WhiteFont&quot;,{&quot;operator&quot;:&quot;:&quot;,&quot;operands&quot;:[{&quot;operator&quot;:&quot;==&quot;,&quot;operands&quot;:[&quot;[$__INTERNAL__]&quot;,&quot;Other/Unknown&quot;]},&quot;sp-css-color-SageFont&quot;,&quot;&quot;]}]}]}]}]}]}]}]}]}}}]}],&quot;rulesOrder&quot;:[0,1,4,5,2,3,6,7,9,8,10],&quot;templateId&quot;:&quot;BgColorChoicePill&quot;}\\\" DisplayName=\\\"Race\\\" FillInChoice=\\\"FALSE\\\" Format=\\\"Dropdown\\\" Name=\\\"Race\\\" Title=\\\"Race\\\" Type=\\\"MultiChoice\\\" ID=\\\"{5114cf77-5655-4c2b-9784-54031339185d}\\\" StaticName=\\\"Race\\\"><CHOICES><CHOICE>White</CHOICE><CHOICE>Black</CHOICE><CHOICE>Hispanic</CHOICE><CHOICE>Asian</CHOICE><CHOICE>Native American</CHOICE><CHOICE>Native Hawaiian or Other Pacific Islander</CHOICE><CHOICE>Middle Eastern</CHOICE><CHOICE>Other/Unknown</CHOICE></CHOICES></Field>\"\r\n        },\r\n        {\r\n          \"verb\": \"addSPFieldXml\",\r\n          \"schemaXml\": \"<Field DisplayName=\\\"Height\\\" Format=\\\"Dropdown\\\" IsModern=\\\"TRUE\\\" MaxLength=\\\"255\\\" Name=\\\"Height\\\" Title=\\\"Height\\\" Type=\\\"Text\\\" ID=\\\"{f2edab78-ae60-4ea5-beed-77758d33cd79}\\\" StaticName=\\\"Height\\\" />\"\r\n        },\r\n        {\r\n          \"verb\": \"addSPFieldXml\",\r\n          \"schemaXml\": \"<Field DisplayName=\\\"Weight\\\" Format=\\\"Dropdown\\\" IsModern=\\\"TRUE\\\" MaxLength=\\\"255\\\" Name=\\\"Weight\\\" Title=\\\"Weight\\\" Type=\\\"Text\\\" ID=\\\"{ea7d8e08-6a4b-45af-8d9c-185b5f603733}\\\" StaticName=\\\"Weight\\\" />\"\r\n        },\r\n        {\r\n          \"verb\": \"addSPFieldXml\",\r\n          \"schemaXml\": \"<Field DisplayName=\\\"HairColor\\\" Format=\\\"Dropdown\\\" IsModern=\\\"TRUE\\\" MaxLength=\\\"255\\\" Name=\\\"HairColor\\\" Title=\\\"HairColor\\\" Type=\\\"Text\\\" ID=\\\"{114a2a91-86b4-46e9-9665-2425bef19896}\\\" StaticName=\\\"HairColor\\\" />\"\r\n        },\r\n        {\r\n          \"verb\": \"addSPFieldXml\",\r\n          \"schemaXml\": \"<Field DisplayName=\\\"EyeColor\\\" Format=\\\"Dropdown\\\" IsModern=\\\"TRUE\\\" MaxLength=\\\"255\\\" Name=\\\"EyeColor\\\" Title=\\\"EyeColor\\\" Type=\\\"Text\\\" ID=\\\"{022de550-fc5a-49ea-b2b7-2fb920268fef}\\\" StaticName=\\\"EyeColor\\\" />\"\r\n        },\r\n        {\r\n          \"verb\": \"addSPFieldXml\",\r\n          \"schemaXml\": \"<Field DisplayName=\\\"LastKnownLocation\\\" Format=\\\"Dropdown\\\" IsModern=\\\"TRUE\\\" MaxLength=\\\"255\\\" Name=\\\"LastKnownLocation\\\" Title=\\\"LastKnownLocation\\\" Type=\\\"Text\\\" ID=\\\"{8d6bc735-f734-41e7-b56e-3b31275abf46}\\\" StaticName=\\\"LastKnownLocation\\\" />\"\r\n        },\r\n        {\r\n          \"verb\": \"addSPFieldXml\",\r\n          \"schemaXml\": \"<Field DisplayName=\\\"AKA\\\" Format=\\\"Dropdown\\\" IsModern=\\\"TRUE\\\" MaxLength=\\\"255\\\" Name=\\\"AKA\\\" Title=\\\"AKA\\\" Type=\\\"Text\\\" ID=\\\"{0d837aa9-5baf-4f6e-b974-e87c7ac17207}\\\" StaticName=\\\"AKA\\\" />\"\r\n        },\r\n        {\r\n          \"verb\": \"addSPFieldXml\",\r\n          \"schemaXml\": \"<Field DisplayName=\\\"DateLastSeen\\\" Format=\\\"Dropdown\\\" IsModern=\\\"TRUE\\\" MaxLength=\\\"255\\\" Name=\\\"DateLastSeen\\\" Title=\\\"DateLastSeen\\\" Type=\\\"Text\\\" ID=\\\"{2dd8641c-1cd3-4d3f-9b22-0ea214797f6e}\\\" StaticName=\\\"DateLastSeen\\\" />\"\r\n        },\r\n        {\r\n          \"verb\": \"addSPFieldXml\",\r\n          \"schemaXml\": \"<Field DisplayName=\\\"Scars-Marks-Tattoos\\\" Format=\\\"Dropdown\\\" IsModern=\\\"TRUE\\\" MaxLength=\\\"255\\\" Name=\\\"Scars_x002d_Marks_x002d_Tattoos\\\" Title=\\\"Scars-Marks-Tattoos\\\" Type=\\\"Text\\\" ID=\\\"{fd746182-e346-496f-83b5-132c66eb03a6}\\\" StaticName=\\\"Scars_x002d_Marks_x002d_Tattoos\\\" />\"\r\n        },\r\n        {\r\n          \"verb\": \"addSPFieldXml\",\r\n          \"schemaXml\": \"<Field AppendOnly=\\\"FALSE\\\" DisplayName=\\\"Details\\\" Format=\\\"Dropdown\\\" IsModern=\\\"TRUE\\\" IsolateStyles=\\\"FALSE\\\" Name=\\\"Details\\\" RichText=\\\"FALSE\\\" RichTextMode=\\\"Compatible\\\" Title=\\\"Details\\\" Type=\\\"Note\\\" ID=\\\"{70b0c27e-98ff-48c0-87b5-84ab47376d0b}\\\" StaticName=\\\"Details\\\" CustomFormatter=\\\"\\\" Required=\\\"FALSE\\\" EnforceUniqueValues=\\\"FALSE\\\" Indexed=\\\"FALSE\\\" NumLines=\\\"50\\\" RestrictedMode=\\\"TRUE\\\" />\"\r\n        },\r\n        {\r\n          \"verb\": \"addSPFieldXml\",\r\n          \"schemaXml\": \"<Field ClientSideComponentId=\\\"00000000-0000-0000-0000-000000000000\\\" DisplayName=\\\"Type of Person BOLO\\\" Format=\\\"Dropdown\\\" MaxLength=\\\"255\\\" Name=\\\"Type_x0020_of_x0020_Missing\\\" Title=\\\"Type of Person BOLO\\\" Type=\\\"Text\\\" ID=\\\"{d48b64aa-1b15-44c5-b1f6-fb349a8023eb}\\\" StaticName=\\\"Type_x0020_of_x0020_Missing\\\"><CHOICES /></Field>\"\r\n        },\r\n        {\r\n          \"verb\": \"addSPFieldXml\",\r\n          \"schemaXml\": \"<Field Type=\\\"Text\\\" DisplayName=\\\"CaseNumber\\\" Required=\\\"FALSE\\\" EnforceUniqueValues=\\\"FALSE\\\" Indexed=\\\"FALSE\\\" MaxLength=\\\"255\\\" ID=\\\"{06de8ae8-ad34-4368-b85c-77fa6cfcdf7f}\\\" StaticName=\\\"CaseNumber\\\" Name=\\\"CaseNumber\\\" />\"\r\n        },\r\n        {\r\n          \"verb\": \"addSPFieldXml\",\r\n          \"schemaXml\": \"<Field Type=\\\"Choice\\\" DisplayName=\\\"BoloStatus\\\" Required=\\\"FALSE\\\" EnforceUniqueValues=\\\"FALSE\\\" Indexed=\\\"FALSE\\\" Format=\\\"Dropdown\\\" FillInChoice=\\\"FALSE\\\" ID=\\\"{1263bab8-4577-48f2-b431-7dc02091d42e}\\\" StaticName=\\\"BoloStatus\\\" Name=\\\"BoloStatus\\\"><Default>Open</Default><CHOICES><CHOICE>Open</CHOICE><CHOICE>Closed</CHOICE><CHOICE>Transferred</CHOICE><CHOICE>Admin Change</CHOICE></CHOICES></Field>\"\r\n        },\r\n        {\r\n          \"verb\": \"addSPFieldXml\",\r\n          \"schemaXml\": \"<Field Type=\\\"User\\\" DisplayName=\\\"OICforCase\\\" List=\\\"UserInfo\\\" Required=\\\"FALSE\\\" EnforceUniqueValues=\\\"FALSE\\\" ShowField=\\\"ImnName\\\" UserSelectionMode=\\\"PeopleOnly\\\" UserSelectionScope=\\\"0\\\" ID=\\\"{32a1b15f-698c-41d6-99ae-6034adf806fb}\\\" StaticName=\\\"OICforCase\\\" Name=\\\"OICforCase\\\" Group=\\\"\\\" Hidden=\\\"FALSE\\\" Customization=\\\"\\\" ReadOnly=\\\"FALSE\\\" PITarget=\\\"\\\" PrimaryPITarget=\\\"\\\" PIAttribute=\\\"\\\" PrimaryPIAttribute=\\\"\\\" Aggregation=\\\"\\\" Node=\\\"\\\" />\"\r\n        },\r\n        {\r\n          \"verb\": \"addSPFieldXml\",\r\n          \"schemaXml\": \"<Field Type=\\\"Text\\\" DisplayName=\\\"RelatedCaseNumber\\\" Required=\\\"FALSE\\\" EnforceUniqueValues=\\\"FALSE\\\" Indexed=\\\"FALSE\\\" MaxLength=\\\"255\\\" ID=\\\"{25c0445c-275e-4c00-857e-cfbf5beaf8fb}\\\" StaticName=\\\"RelatedCaseNumber\\\" Name=\\\"RelatedCaseNumber\\\" />\"\r\n        },\r\n        {\r\n          \"verb\": \"addSPFieldXml\",\r\n          \"schemaXml\": \"<Field AppendOnly=\\\"FALSE\\\" ClientSideComponentId=\\\"00000000-0000-0000-0000-000000000000\\\" DisplayName=\\\"MainPic\\\" Format=\\\"Dropdown\\\" IsolateStyles=\\\"FALSE\\\" Name=\\\"MainPic\\\" RichText=\\\"FALSE\\\" RichTextMode=\\\"Compatible\\\" Title=\\\"MainPic\\\" Type=\\\"Note\\\" ID=\\\"{fe525815-8d96-4753-9bbe-fd6975efc94f}\\\" StaticName=\\\"MainPic\\\" />\"\r\n        },\r\n        {\r\n          \"verb\": \"addSPFieldXml\",\r\n          \"schemaXml\": \"<Field AppendOnly=\\\"FALSE\\\" ClientSideComponentId=\\\"00000000-0000-0000-0000-000000000000\\\" DisplayName=\\\"Base64Pic\\\" Format=\\\"Dropdown\\\" IsolateStyles=\\\"FALSE\\\" Name=\\\"Base64Pic\\\" RichText=\\\"FALSE\\\" RichTextMode=\\\"Compatible\\\" Title=\\\"Base64Pic\\\" Type=\\\"Note\\\" ID=\\\"{15a6e71f-4753-4235-9973-6eb68cf75d5e}\\\" StaticName=\\\"Base64Pic\\\" />\"\r\n        },\r\n        {\r\n          \"verb\": \"addSPFieldXml\",\r\n          \"schemaXml\": \"<Field DisplayName=\\\"ReasonForClosure\\\" Format=\\\"Dropdown\\\" IsModern=\\\"TRUE\\\" MaxLength=\\\"255\\\" Name=\\\"ReasonForClosure\\\" Title=\\\"ReasonForClosure\\\" Type=\\\"Text\\\" ID=\\\"{ac925b95-8099-47f5-b0cc-9b77a01fa970}\\\" StaticName=\\\"ReasonForClosure\\\" />\"\r\n        },\r\n        {\r\n          \"verb\": \"addSPFieldXml\",\r\n          \"schemaXml\": \"<Field Type=\\\"Calculated\\\" DisplayName=\\\"Preview\\\" EnforceUniqueValues=\\\"FALSE\\\" Indexed=\\\"FALSE\\\" Format=\\\"DateOnly\\\" LCID=\\\"1033\\\" ResultType=\\\"Text\\\" ReadOnly=\\\"TRUE\\\" ID=\\\"{4fbe5bdf-a772-4634-9a00-594252a0b1af}\\\" StaticName=\\\"Preview\\\" Name=\\\"Preview\\\" CustomFormatter=\\\"{&quot;$schema&quot;:&quot;https://developer.microsoft.com/json-schemas/sp/column-formatting.schema.json&quot;,&quot;elmType&quot;:&quot;div&quot;,&quot;attributes&quot;:{&quot;title&quot;:&quot;=if([$ContentType] == 'Folder','','Hey')&quot;},&quot;children&quot;:[{&quot;elmType&quot;:&quot;img&quot;,&quot;attributes&quot;:{&quot;src&quot;:&quot;@thumbnail.medium&quot;},&quot;style&quot;:{&quot;display&quot;:&quot;block&quot;,&quot;margin&quot;:&quot;0 auto&quot;,&quot;max-height&quot;:&quot;42px&quot;}}]}\\\"><Formula>=\\\"\\\"</Formula></Field>\"\r\n        },\r\n        {\r\n          \"verb\": \"addSPFieldXml\",\r\n          \"schemaXml\": \"<Field ID=\\\"{82642ec8-ef9b-478f-acf9-31f7d45fbc31}\\\" ReadOnly=\\\"TRUE\\\" Type=\\\"Computed\\\" Name=\\\"LinkTitle\\\" DisplayName=\\\"Title\\\" DisplayNameSrcField=\\\"Title\\\" ClassInfo=\\\"Menu\\\" AuthoringInfo=\\\"(linked to item with edit menu)\\\" ListItemMenuAllowed=\\\"Required\\\" LinkToItemAllowed=\\\"Prohibited\\\" SourceID=\\\"http://schemas.microsoft.com/sharepoint/v3\\\" StaticName=\\\"LinkTitle\\\" FromBaseType=\\\"TRUE\\\"><FieldRefs><FieldRef Name=\\\"Title\\\" /><FieldRef Name=\\\"LinkTitleNoMenu\\\" /><FieldRef Name=\\\"_EditMenuTableStart2\\\" /><FieldRef Name=\\\"_EditMenuTableEnd\\\" /></FieldRefs><DisplayPattern><FieldSwitch><Expr><GetVar Name=\\\"FreeForm\\\" /></Expr><Case Value=\\\"TRUE\\\"><Field Name=\\\"LinkTitleNoMenu\\\" /></Case><Default><HTML><![CDATA[<div class=\\\"ms-vb itx\\\" onmouseover=\\\"OnItem(this)\\\" CTXName=\\\"ctx]]></HTML><Field Name=\\\"_EditMenuTableStart2\\\" /><HTML><![CDATA[\\\">]]></HTML><Field Name=\\\"LinkTitleNoMenu\\\" /><HTML><![CDATA[</div>]]></HTML><HTML><![CDATA[<div class=\\\"s4-ctx\\\" onmouseover=\\\"OnChildItem(this.parentNode); return false;\\\">]]></HTML><HTML><![CDATA[<span>&nbsp;</span>]]></HTML><HTML><![CDATA[<a onfocus=\\\"OnChildItem(this.parentNode.parentNode); return false;\\\" onclick=\\\"PopMenuFromChevron(event); return false;\\\" href=\\\"javascript:;\\\" title=\\\"Open Menu\\\"></a>]]></HTML><HTML><![CDATA[<span>&nbsp;</span>]]></HTML><HTML><![CDATA[</div>]]></HTML></Default></FieldSwitch></DisplayPattern></Field>\"\r\n        },\r\n        {\r\n          \"verb\": \"addContentType\",\r\n          \"name\": \"Item\",\r\n          \"id\": \"0x01\",\r\n          \"fieldRefsXml\": [\r\n            \"<FieldRef ID=\\\"{fa564e0f-0c70-4ab9-b863-0177e6ddd247}\\\" Name=\\\"Title\\\" />\",\r\n            \"<FieldRef ID=\\\"{82642ec8-ef9b-478f-acf9-31f7d45fbc31}\\\" Name=\\\"LinkTitle\\\" DisplayName=\\\"Title\\\" ReadOnly=\\\"TRUE\\\" />\",\r\n            \"<FieldRef ID=\\\"{045913f1-008a-440d-9484-b3cf085fd592}\\\" Name=\\\"FirstName\\\" />\",\r\n            \"<FieldRef ID=\\\"{e779d040-51c7-448d-821f-0073f95d2858}\\\" Name=\\\"MiddleName\\\" />\",\r\n            \"<FieldRef ID=\\\"{5e74f85e-42a8-488e-91a4-6230bbe64cfc}\\\" Name=\\\"LastName\\\" />\",\r\n            \"<FieldRef ID=\\\"{617235d0-7b0d-4ddd-b44a-6d26384412bb}\\\" Name=\\\"Gender\\\" />\",\r\n            \"<FieldRef ID=\\\"{df3b69a0-a86c-49b4-89df-9ce86648e745}\\\" Name=\\\"DOB\\\" />\",\r\n            \"<FieldRef ID=\\\"{5114cf77-5655-4c2b-9784-54031339185d}\\\" Name=\\\"Race\\\" DisplayName=\\\"Race\\\" Format=\\\"Dropdown\\\" />\",\r\n            \"<FieldRef ID=\\\"{f2edab78-ae60-4ea5-beed-77758d33cd79}\\\" Name=\\\"Height\\\" />\",\r\n            \"<FieldRef ID=\\\"{ea7d8e08-6a4b-45af-8d9c-185b5f603733}\\\" Name=\\\"Weight\\\" />\",\r\n            \"<FieldRef ID=\\\"{114a2a91-86b4-46e9-9665-2425bef19896}\\\" Name=\\\"HairColor\\\" />\",\r\n            \"<FieldRef ID=\\\"{022de550-fc5a-49ea-b2b7-2fb920268fef}\\\" Name=\\\"EyeColor\\\" />\",\r\n            \"<FieldRef ID=\\\"{8d6bc735-f734-41e7-b56e-3b31275abf46}\\\" Name=\\\"LastKnownLocation\\\" />\",\r\n            \"<FieldRef ID=\\\"{0d837aa9-5baf-4f6e-b974-e87c7ac17207}\\\" Name=\\\"AKA\\\" />\",\r\n            \"<FieldRef ID=\\\"{2dd8641c-1cd3-4d3f-9b22-0ea214797f6e}\\\" Name=\\\"DateLastSeen\\\" />\",\r\n            \"<FieldRef ID=\\\"{fd746182-e346-496f-83b5-132c66eb03a6}\\\" Name=\\\"Scars_x002d_Marks_x002d_Tattoos\\\" DisplayName=\\\"Scars-Marks-Tattoos\\\" Format=\\\"Dropdown\\\" />\",\r\n            \"<FieldRef ID=\\\"{70b0c27e-98ff-48c0-87b5-84ab47376d0b}\\\" Name=\\\"Details\\\" DisplayName=\\\"Details\\\" Required=\\\"FALSE\\\" Format=\\\"Dropdown\\\" />\",\r\n            \"<FieldRef ID=\\\"{d48b64aa-1b15-44c5-b1f6-fb349a8023eb}\\\" Name=\\\"Type_x0020_of_x0020_Missing\\\" DisplayName=\\\"Type of Person BOLO\\\" Format=\\\"Dropdown\\\" />\",\r\n            \"<FieldRef ID=\\\"{06de8ae8-ad34-4368-b85c-77fa6cfcdf7f}\\\" Name=\\\"CaseNumber\\\" Required=\\\"FALSE\\\" />\",\r\n            \"<FieldRef ID=\\\"{1263bab8-4577-48f2-b431-7dc02091d42e}\\\" Name=\\\"BoloStatus\\\" Required=\\\"FALSE\\\" />\",\r\n            \"<FieldRef ID=\\\"{32a1b15f-698c-41d6-99ae-6034adf806fb}\\\" Name=\\\"OICforCase\\\" DisplayName=\\\"OICforCase\\\" Required=\\\"FALSE\\\" Hidden=\\\"FALSE\\\" ReadOnly=\\\"FALSE\\\" PITarget=\\\"\\\" PrimaryPITarget=\\\"\\\" PIAttribute=\\\"\\\" PrimaryPIAttribute=\\\"\\\" Aggregation=\\\"\\\" Node=\\\"\\\" />\",\r\n            \"<FieldRef ID=\\\"{25c0445c-275e-4c00-857e-cfbf5beaf8fb}\\\" Name=\\\"RelatedCaseNumber\\\" Required=\\\"FALSE\\\" />\",\r\n            \"<FieldRef ID=\\\"{fe525815-8d96-4753-9bbe-fd6975efc94f}\\\" Name=\\\"MainPic\\\" DisplayName=\\\"MainPic\\\" Format=\\\"Dropdown\\\" />\",\r\n            \"<FieldRef ID=\\\"{15a6e71f-4753-4235-9973-6eb68cf75d5e}\\\" Name=\\\"Base64Pic\\\" DisplayName=\\\"Base64Pic\\\" Format=\\\"Dropdown\\\" />\",\r\n            \"<FieldRef ID=\\\"{ac925b95-8099-47f5-b0cc-9b77a01fa970}\\\" Name=\\\"ReasonForClosure\\\" />\",\r\n            \"<FieldRef ID=\\\"{4fbe5bdf-a772-4634-9a00-594252a0b1af}\\\" Name=\\\"Preview\\\" DisplayName=\\\"Preview\\\" ReadOnly=\\\"TRUE\\\" Format=\\\"DateOnly\\\" />\"\r\n          ]\r\n        },\r\n        {\r\n          \"verb\": \"addContentType\",\r\n          \"name\": \"Folder\",\r\n          \"id\": \"0x0120\"\r\n        },\r\n        {\r\n          \"verb\": \"addSPView\",\r\n          \"name\": \"All Items\",\r\n          \"viewFields\": [\r\n            \"ID\",\r\n            \"LinkTitle\",\r\n            \"FirstName\",\r\n            \"MiddleName\",\r\n            \"LastName\",\r\n            \"Gender\",\r\n            \"DOB\",\r\n            \"Race\",\r\n            \"Height\",\r\n            \"Weight\",\r\n            \"HairColor\",\r\n            \"EyeColor\",\r\n            \"LastKnownLocation\",\r\n            \"AKA\",\r\n            \"DateLastSeen\",\r\n            \"Scars_x002d_Marks_x002d_Tattoos\",\r\n            \"Details\",\r\n            \"Type_x0020_of_x0020_Missing\",\r\n            \"CaseNumber\",\r\n            \"BoloStatus\",\r\n            \"OICforCase\",\r\n            \"RelatedCaseNumber\",\r\n            \"MainPic\",\r\n            \"Base64Pic\",\r\n            \"ReasonForClosure\",\r\n            \"Preview\"\r\n          ],\r\n          \"query\": \"\",\r\n          \"rowLimit\": 30,\r\n          \"isPaged\": true,\r\n          \"makeDefault\": true,\r\n          \"formatterJSON\": \"\",\r\n          \"replaceViewFields\": true\r\n        }\r\n      ]\r\n    }\r\n  ]\r\n}"
            }
          }
        },
        "Parse_JSON": {
          "runAfter": {
            "Compose": [
              "Succeeded"
            ]
          },
          "metadata": {
            "operationMetadataId": "454e3961-66d8-463f-b632-d23e03b19e8d"
          },
          "type": "ParseJson",
          "inputs": {
            "content": "@outputs('Compose')?['d']?['GetSiteScriptFromList']",
            "schema": {
              "type": "object",
              "properties": {
                "d": {
                  "type": "object",
                  "properties": {
                    "GetSiteScriptFromList": {
                      "type": "string"
                    }
                  }
                }
              }
            }
          }
        },
        "Send_an_HTTP_request_to_SharePoint": {
          "runAfter": {
            "Parse_JSON": [
              "Succeeded"
            ]
          },
          "metadata": {
            "operationMetadataId": "f4d4a863-ba89-4d61-aadc-fd7ad710daf9"
          },
          "type": "OpenApiConnection",
          "inputs": {
            "host": {
              "connectionName": "shared_sharepointonline_1",
              "operationId": "HttpRequest",
              "apiId": "/providers/Microsoft.PowerApps/apis/shared_sharepointonline"
            },
            "parameters": {
              "dataset": "@parameters('BOLOSiteUrl (new_BOLOSiteUrl)')",
              "parameters/method": "POST",
              "parameters/uri": "_api/Microsoft.Sharepoint.Utilities.WebTemplateExtensions.SiteScriptUtility.ExecuteTemplateScript()",
              "parameters/headers": {
                "accept": "application/json;odata=verbose",
                "content-type": "application/json;odata=verbose"
              },
              "parameters/body": "{\"script\": \"{\\\"actions\\\":@{replace(replace(string(body('Parse_JSON')?['actions']), '\\', '\\\\'), '\"', '\\\"')}}\"}"
            },
            "authentication": {
              "type": "Raw",
              "value": "@json(decodeBase64(triggerOutputs().headers['X-MS-APIM-Tokens']))['$ConnectionKey']"
            }
          }
        }
      }
    }
  },
  "schemaVersion": "1.0.0.0"
}