{
  "properties": {
    "connectionReferences": {
      "shared_sharepointonline_1": {
        "runtimeSource": "invoker",
        "connection": {
          "connectionReferenceLogicalName": "new_SharePointConnection"
        },
        "api": {
          "name": "shared_sharepointonline"
        }
      }
    },
    "definition": {
      "$schema": "https://schema.management.azure.com/providers/Microsoft.Logic/schemas/2016-06-01/workflowdefinition.json#",
      "contentVersion": "1.0.0.0",
      "parameters": {
        "$connections": {
          "defaultValue": {},
          "type": "Object"
        },
        "$authentication": {
          "defaultValue": {},
          "type": "SecureObject"
        },
        "BOLOSiteUrl (new_BOLOSiteUrl)": {
          "defaultValue": "https://gov210645.sharepoint.com/sites/Dataverse",
          "type": "String",
          "metadata": {
            "schemaName": "new_BOLOSiteUrl",
            "description": "Url to BOLO Site "
          }
        }
      },
      "triggers": {
        "manual": {
          "metadata": {
            "operationMetadataId": "1845d4be-5ad3-490d-8172-a95cd4f2d652"
          },
          "type": "Request",
          "kind": "Button",
          "inputs": {
            "schema": {
              "type": "object",
              "properties": {},
              "required": []
            }
          }
        }
      },
      "actions": {
        "Compose": {
          "runAfter": {},
          "metadata": {
            "operationMetadataId": "d4f0f77a-13f9-45ab-a3dd-41135e62ff6b"
          },
          "type": "Compose",
          "inputs": {
            "d": {
              "GetSiteScriptFromList": "{\r\n  \"$schema\": \"https://developer.microsoft.com/json-schemas/sp/site-design-script-actions.schema.json\",\r\n  \"actions\": [\r\n    {\r\n      \"verb\": \"createSPList\",\r\n      \"listName\": \"Vehicle\",\r\n      \"templateType\": 100,\r\n      \"color\": \"0\",\r\n      \"icon\": \"3\",\r\n      \"subactions\": [\r\n        {\r\n          \"verb\": \"addSPFieldXml\",\r\n          \"schemaXml\": \"<Field ID=\\\"{fa564e0f-0c70-4ab9-b863-0177e6ddd247}\\\" Type=\\\"Text\\\" Name=\\\"Title\\\" DisplayName=\\\"Title\\\" Required=\\\"TRUE\\\" SourceID=\\\"http://schemas.microsoft.com/sharepoint/v3\\\" StaticName=\\\"Title\\\" FromBaseType=\\\"TRUE\\\" MaxLength=\\\"255\\\" />\"\r\n        },\r\n        {\r\n          \"verb\": \"addSPFieldXml\",\r\n          \"schemaXml\": \"<Field DisplayName=\\\"LicenseNumber\\\" Format=\\\"Dropdown\\\" IsModern=\\\"TRUE\\\" MaxLength=\\\"255\\\" Name=\\\"LicenseNumber\\\" Title=\\\"LicenseNumber\\\" Type=\\\"Text\\\" ID=\\\"{a194b7e8-939f-44f3-8610-a49b95fa0849}\\\" StaticName=\\\"LicenseNumber\\\" />\"\r\n        },\r\n        {\r\n          \"verb\": \"addSPFieldXml\",\r\n          \"schemaXml\": \"<Field DisplayName=\\\"State\\\" Format=\\\"Dropdown\\\" IsModern=\\\"TRUE\\\" MaxLength=\\\"255\\\" Name=\\\"State\\\" Title=\\\"State\\\" Type=\\\"Text\\\" ID=\\\"{b749bb37-e43d-4392-8a07-55041597cc0a}\\\" StaticName=\\\"State\\\" />\"\r\n        },\r\n        {\r\n          \"verb\": \"addSPFieldXml\",\r\n          \"schemaXml\": \"<Field DisplayName=\\\"Make\\\" Format=\\\"Dropdown\\\" IsModern=\\\"TRUE\\\" MaxLength=\\\"255\\\" Name=\\\"Make\\\" Title=\\\"Make\\\" Type=\\\"Text\\\" ID=\\\"{803c445d-f3bd-4046-8d65-157ed61ec15d}\\\" StaticName=\\\"Make\\\" />\"\r\n        },\r\n        {\r\n          \"verb\": \"addSPFieldXml\",\r\n          \"schemaXml\": \"<Field DisplayName=\\\"Model\\\" Format=\\\"Dropdown\\\" IsModern=\\\"TRUE\\\" MaxLength=\\\"255\\\" Name=\\\"Model\\\" Title=\\\"Model\\\" Type=\\\"Text\\\" ID=\\\"{9587f5f6-d4c1-4a74-9c02-12136b516b22}\\\" StaticName=\\\"Model\\\" />\"\r\n        },\r\n        {\r\n          \"verb\": \"addSPFieldXml\",\r\n          \"schemaXml\": \"<Field DisplayName=\\\"Year\\\" Format=\\\"Dropdown\\\" IsModern=\\\"TRUE\\\" MaxLength=\\\"255\\\" Name=\\\"Year\\\" Title=\\\"Year\\\" Type=\\\"Text\\\" ID=\\\"{62bc9e73-00e3-4591-93b2-9e13c65374f9}\\\" StaticName=\\\"Year\\\" />\"\r\n        },\r\n        {\r\n          \"verb\": \"addSPFieldXml\",\r\n          \"schemaXml\": \"<Field DisplayName=\\\"Color\\\" Format=\\\"Dropdown\\\" IsModern=\\\"TRUE\\\" MaxLength=\\\"255\\\" Name=\\\"Color\\\" Title=\\\"Color\\\" Type=\\\"Text\\\" ID=\\\"{60c2c1b5-7639-4a56-a66c-c49fa6010b04}\\\" StaticName=\\\"Color\\\" />\"\r\n        },\r\n        {\r\n          \"verb\": \"addSPFieldXml\",\r\n          \"schemaXml\": \"<Field AppendOnly=\\\"FALSE\\\" DisplayName=\\\"CaseDetails\\\" Format=\\\"Dropdown\\\" IsModern=\\\"TRUE\\\" IsolateStyles=\\\"FALSE\\\" Name=\\\"CaseDetails\\\" RichText=\\\"FALSE\\\" RichTextMode=\\\"Compatible\\\" Title=\\\"CaseDetails\\\" Type=\\\"Note\\\" ID=\\\"{8ed2d99d-3b1a-4ee4-9cf3-90a3ba76797a}\\\" StaticName=\\\"CaseDetails\\\" />\"\r\n        },\r\n        {\r\n          \"verb\": \"addSPFieldXml\",\r\n          \"schemaXml\": \"<Field DisplayName=\\\"RelatedCaseNumber\\\" Format=\\\"Dropdown\\\" IsModern=\\\"TRUE\\\" MaxLength=\\\"255\\\" Name=\\\"RelatedCaseNumber\\\" Title=\\\"RelatedCaseNumber\\\" Type=\\\"Text\\\" ID=\\\"{62c9d91b-1822-4f5b-b742-61b95ab165d4}\\\" StaticName=\\\"RelatedCaseNumber\\\" />\"\r\n        },\r\n        {\r\n          \"verb\": \"addSPFieldXml\",\r\n          \"schemaXml\": \"<Field DisplayName=\\\"LastKnownLocation\\\" Format=\\\"Dropdown\\\" IsModern=\\\"TRUE\\\" MaxLength=\\\"255\\\" Name=\\\"LastKnownLocation\\\" Title=\\\"LastKnownLocation\\\" Type=\\\"Text\\\" ID=\\\"{03f3931e-d728-401a-a34a-51e485075e8d}\\\" StaticName=\\\"LastKnownLocation\\\" />\"\r\n        },\r\n        {\r\n          \"verb\": \"addSPFieldXml\",\r\n          \"schemaXml\": \"<Field ClientSideComponentId=\\\"00000000-0000-0000-0000-000000000000\\\" CustomFormatter=\\\"{&quot;elmType&quot;:&quot;div&quot;,&quot;style&quot;:{&quot;flex-wrap&quot;:&quot;wrap&quot;,&quot;display&quot;:&quot;flex&quot;},&quot;children&quot;:[{&quot;elmType&quot;:&quot;div&quot;,&quot;style&quot;:{&quot;box-sizing&quot;:&quot;border-box&quot;,&quot;padding&quot;:&quot;4px 8px 5px 8px&quot;,&quot;display&quot;:&quot;flex&quot;,&quot;border-radius&quot;:&quot;16px&quot;,&quot;height&quot;:&quot;24px&quot;,&quot;align-items&quot;:&quot;center&quot;,&quot;white-space&quot;:&quot;nowrap&quot;,&quot;overflow&quot;:&quot;hidden&quot;,&quot;margin&quot;:&quot;4px 4px 4px 4px&quot;},&quot;attributes&quot;:{&quot;class&quot;:{&quot;operator&quot;:&quot;:&quot;,&quot;operands&quot;:[{&quot;operator&quot;:&quot;==&quot;,&quot;operands&quot;:[&quot;@currentField&quot;,&quot;Stolen&quot;]},&quot;sp-css-backgroundColor-BgCornflowerBlue&quot;,{&quot;operator&quot;:&quot;:&quot;,&quot;operands&quot;:[{&quot;operator&quot;:&quot;==&quot;,&quot;operands&quot;:[&quot;@currentField&quot;,&quot;Used in Crime&quot;]},&quot;sp-css-backgroundColor-BgMintGreen&quot;,{&quot;operator&quot;:&quot;:&quot;,&quot;operands&quot;:[{&quot;operator&quot;:&quot;==&quot;,&quot;operands&quot;:[&quot;@currentField&quot;,&quot;&quot;]},&quot;&quot;,&quot;sp-field-borderAllRegular sp-field-borderAllSolid sp-css-borderColor-neutralSecondary&quot;]}]}]}},&quot;children&quot;:[{&quot;elmType&quot;:&quot;span&quot;,&quot;style&quot;:{&quot;line-height&quot;:&quot;16px&quot;,&quot;height&quot;:&quot;14px&quot;},&quot;attributes&quot;:{&quot;iconName&quot;:{&quot;operator&quot;:&quot;:&quot;,&quot;operands&quot;:[{&quot;operator&quot;:&quot;==&quot;,&quot;operands&quot;:[&quot;@currentField&quot;,&quot;Stolen&quot;]},&quot;&quot;,{&quot;operator&quot;:&quot;:&quot;,&quot;operands&quot;:[{&quot;operator&quot;:&quot;==&quot;,&quot;operands&quot;:[&quot;@currentField&quot;,&quot;Used in Crime&quot;]},&quot;&quot;,{&quot;operator&quot;:&quot;:&quot;,&quot;operands&quot;:[{&quot;operator&quot;:&quot;==&quot;,&quot;operands&quot;:[&quot;@currentField&quot;,&quot;&quot;]},&quot;&quot;,&quot;&quot;]}]}]},&quot;class&quot;:{&quot;operator&quot;:&quot;:&quot;,&quot;operands&quot;:[{&quot;operator&quot;:&quot;==&quot;,&quot;operands&quot;:[&quot;@currentField&quot;,&quot;Stolen&quot;]},&quot;&quot;,{&quot;operator&quot;:&quot;:&quot;,&quot;operands&quot;:[{&quot;operator&quot;:&quot;==&quot;,&quot;operands&quot;:[&quot;@currentField&quot;,&quot;Used in Crime&quot;]},&quot;&quot;,{&quot;operator&quot;:&quot;:&quot;,&quot;operands&quot;:[{&quot;operator&quot;:&quot;==&quot;,&quot;operands&quot;:[&quot;@currentField&quot;,&quot;&quot;]},&quot;&quot;,&quot;&quot;]}]}]}}},{&quot;elmType&quot;:&quot;span&quot;,&quot;style&quot;:{&quot;overflow&quot;:&quot;hidden&quot;,&quot;text-overflow&quot;:&quot;ellipsis&quot;,&quot;padding&quot;:&quot;0 3px&quot;},&quot;txtContent&quot;:&quot;@currentField&quot;,&quot;attributes&quot;:{&quot;class&quot;:{&quot;operator&quot;:&quot;:&quot;,&quot;operands&quot;:[{&quot;operator&quot;:&quot;==&quot;,&quot;operands&quot;:[&quot;@currentField&quot;,&quot;Stolen&quot;]},&quot;sp-field-fontSizeSmall sp-css-color-CornflowerBlueFont&quot;,{&quot;operator&quot;:&quot;:&quot;,&quot;operands&quot;:[{&quot;operator&quot;:&quot;==&quot;,&quot;operands&quot;:[&quot;@currentField&quot;,&quot;Used in Crime&quot;]},&quot;sp-field-fontSizeSmall sp-css-color-MintGreenFont&quot;,{&quot;operator&quot;:&quot;:&quot;,&quot;operands&quot;:[{&quot;operator&quot;:&quot;==&quot;,&quot;operands&quot;:[&quot;@currentField&quot;,&quot;&quot;]},&quot;&quot;,&quot;&quot;]}]}]}}}]}],&quot;templateId&quot;:&quot;BgColorChoicePill&quot;}\\\" DisplayName=\\\"BOLO Type\\\" Format=\\\"Dropdown\\\" MaxLength=\\\"255\\\" Name=\\\"BOLOType\\\" Title=\\\"BOLO Type\\\" Type=\\\"Text\\\" ID=\\\"{3d1ca5dc-37d7-49e6-aec5-5dcf1baf7705}\\\" StaticName=\\\"BOLOType\\\" />\"\r\n        },\r\n        {\r\n          \"verb\": \"addSPFieldXml\",\r\n          \"schemaXml\": \"<Field DisplayName=\\\"OICforCase\\\" Format=\\\"Dropdown\\\" IsModern=\\\"TRUE\\\" List=\\\"UserInfo\\\" Name=\\\"OICforCase\\\" Title=\\\"OICforCase\\\" Type=\\\"User\\\" UserSelectionMode=\\\"0\\\" UserSelectionScope=\\\"0\\\" ID=\\\"{7704ba05-a511-435f-ad5b-1080c16b8ac7}\\\" StaticName=\\\"OICforCase\\\" />\"\r\n        },\r\n        {\r\n          \"verb\": \"addSPFieldXml\",\r\n          \"schemaXml\": \"<Field ClientSideComponentId=\\\"00000000-0000-0000-0000-000000000000\\\" CustomFormatter=\\\"{&quot;elmType&quot;:&quot;div&quot;,&quot;style&quot;:{&quot;flex-wrap&quot;:&quot;wrap&quot;,&quot;display&quot;:&quot;flex&quot;},&quot;children&quot;:[{&quot;elmType&quot;:&quot;div&quot;,&quot;style&quot;:{&quot;box-sizing&quot;:&quot;border-box&quot;,&quot;padding&quot;:&quot;4px 8px 5px 8px&quot;,&quot;display&quot;:&quot;flex&quot;,&quot;border-radius&quot;:&quot;16px&quot;,&quot;height&quot;:&quot;24px&quot;,&quot;align-items&quot;:&quot;center&quot;,&quot;white-space&quot;:&quot;nowrap&quot;,&quot;overflow&quot;:&quot;hidden&quot;,&quot;margin&quot;:&quot;4px 4px 4px 4px&quot;},&quot;attributes&quot;:{&quot;class&quot;:{&quot;operator&quot;:&quot;:&quot;,&quot;operands&quot;:[{&quot;operator&quot;:&quot;==&quot;,&quot;operands&quot;:[&quot;[$BoloStatus]&quot;,&quot;Open&quot;]},&quot;sp-css-backgroundColor-BgCornflowerBlue&quot;,{&quot;operator&quot;:&quot;:&quot;,&quot;operands&quot;:[{&quot;operator&quot;:&quot;==&quot;,&quot;operands&quot;:[&quot;[$BoloStatus]&quot;,&quot;Closed&quot;]},&quot;sp-css-backgroundColor-BgMintGreen&quot;,{&quot;operator&quot;:&quot;:&quot;,&quot;operands&quot;:[{&quot;operator&quot;:&quot;==&quot;,&quot;operands&quot;:[&quot;[$BoloStatus]&quot;,&quot;Transferred&quot;]},&quot;sp-css-backgroundColor-BgGold&quot;,{&quot;operator&quot;:&quot;:&quot;,&quot;operands&quot;:[{&quot;operator&quot;:&quot;==&quot;,&quot;operands&quot;:[&quot;[$BoloStatus]&quot;,&quot;&quot;]},&quot;&quot;,{&quot;operator&quot;:&quot;:&quot;,&quot;operands&quot;:[{&quot;operator&quot;:&quot;==&quot;,&quot;operands&quot;:[&quot;[$BoloStatus]&quot;,&quot;Admin Change&quot;]},&quot;sp-css-backgroundColor-BgCoral&quot;,&quot;sp-field-borderAllRegular sp-field-borderAllSolid sp-css-borderColor-neutralSecondary&quot;]}]}]}]}]}},&quot;children&quot;:[{&quot;elmType&quot;:&quot;span&quot;,&quot;style&quot;:{&quot;line-height&quot;:&quot;16px&quot;,&quot;height&quot;:&quot;14px&quot;},&quot;attributes&quot;:{&quot;iconName&quot;:{&quot;operator&quot;:&quot;:&quot;,&quot;operands&quot;:[{&quot;operator&quot;:&quot;==&quot;,&quot;operands&quot;:[&quot;[$BoloStatus]&quot;,&quot;Open&quot;]},&quot;&quot;,{&quot;operator&quot;:&quot;:&quot;,&quot;operands&quot;:[{&quot;operator&quot;:&quot;==&quot;,&quot;operands&quot;:[&quot;[$BoloStatus]&quot;,&quot;Closed&quot;]},&quot;&quot;,{&quot;operator&quot;:&quot;:&quot;,&quot;operands&quot;:[{&quot;operator&quot;:&quot;==&quot;,&quot;operands&quot;:[&quot;[$BoloStatus]&quot;,&quot;Transferred&quot;]},&quot;&quot;,{&quot;operator&quot;:&quot;:&quot;,&quot;operands&quot;:[{&quot;operator&quot;:&quot;==&quot;,&quot;operands&quot;:[&quot;[$BoloStatus]&quot;,&quot;&quot;]},&quot;&quot;,{&quot;operator&quot;:&quot;:&quot;,&quot;operands&quot;:[{&quot;operator&quot;:&quot;==&quot;,&quot;operands&quot;:[&quot;[$BoloStatus]&quot;,&quot;Admin Change&quot;]},&quot;&quot;,&quot;&quot;]}]}]}]}]},&quot;class&quot;:{&quot;operator&quot;:&quot;:&quot;,&quot;operands&quot;:[{&quot;operator&quot;:&quot;==&quot;,&quot;operands&quot;:[&quot;[$BoloStatus]&quot;,&quot;Open&quot;]},&quot;&quot;,{&quot;operator&quot;:&quot;:&quot;,&quot;operands&quot;:[{&quot;operator&quot;:&quot;==&quot;,&quot;operands&quot;:[&quot;[$BoloStatus]&quot;,&quot;Closed&quot;]},&quot;&quot;,{&quot;operator&quot;:&quot;:&quot;,&quot;operands&quot;:[{&quot;operator&quot;:&quot;==&quot;,&quot;operands&quot;:[&quot;[$BoloStatus]&quot;,&quot;Transferred&quot;]},&quot;&quot;,{&quot;operator&quot;:&quot;:&quot;,&quot;operands&quot;:[{&quot;operator&quot;:&quot;==&quot;,&quot;operands&quot;:[&quot;[$BoloStatus]&quot;,&quot;&quot;]},&quot;&quot;,{&quot;operator&quot;:&quot;:&quot;,&quot;operands&quot;:[{&quot;operator&quot;:&quot;==&quot;,&quot;operands&quot;:[&quot;[$BoloStatus]&quot;,&quot;Admin Change&quot;]},&quot;&quot;,&quot;&quot;]}]}]}]}]}}},{&quot;elmType&quot;:&quot;span&quot;,&quot;style&quot;:{&quot;overflow&quot;:&quot;hidden&quot;,&quot;text-overflow&quot;:&quot;ellipsis&quot;,&quot;padding&quot;:&quot;0 3px&quot;},&quot;txtContent&quot;:&quot;[$BoloStatus]&quot;,&quot;attributes&quot;:{&quot;class&quot;:{&quot;operator&quot;:&quot;:&quot;,&quot;operands&quot;:[{&quot;operator&quot;:&quot;==&quot;,&quot;operands&quot;:[&quot;[$BoloStatus]&quot;,&quot;Open&quot;]},&quot;sp-css-color-CornflowerBlueFont&quot;,{&quot;operator&quot;:&quot;:&quot;,&quot;operands&quot;:[{&quot;operator&quot;:&quot;==&quot;,&quot;operands&quot;:[&quot;[$BoloStatus]&quot;,&quot;Closed&quot;]},&quot;sp-css-color-MintGreenFont&quot;,{&quot;operator&quot;:&quot;:&quot;,&quot;operands&quot;:[{&quot;operator&quot;:&quot;==&quot;,&quot;operands&quot;:[&quot;[$BoloStatus]&quot;,&quot;Transferred&quot;]},&quot;sp-css-color-GoldFont&quot;,{&quot;operator&quot;:&quot;:&quot;,&quot;operands&quot;:[{&quot;operator&quot;:&quot;==&quot;,&quot;operands&quot;:[&quot;[$BoloStatus]&quot;,&quot;&quot;]},&quot;&quot;,{&quot;operator&quot;:&quot;:&quot;,&quot;operands&quot;:[{&quot;operator&quot;:&quot;==&quot;,&quot;operands&quot;:[&quot;[$BoloStatus]&quot;,&quot;Admin Change&quot;]},&quot;sp-css-color-CoralFont&quot;,&quot;&quot;]}]}]}]}]}}}]}],&quot;templateId&quot;:&quot;BgColorChoicePill&quot;}\\\" DisplayName=\\\"BoloStatus\\\" FillInChoice=\\\"FALSE\\\" Format=\\\"Dropdown\\\" Name=\\\"BoloStatus\\\" Title=\\\"BoloStatus\\\" Type=\\\"Choice\\\" ID=\\\"{d3aee33e-e9bb-4798-a3ab-92dd4509c119}\\\" StaticName=\\\"BoloStatus\\\"><CHOICES><CHOICE>Open</CHOICE><CHOICE>Closed</CHOICE><CHOICE>Transferred</CHOICE><CHOICE>Admin Change</CHOICE></CHOICES><Default>Open</Default></Field>\"\r\n        },\r\n        {\r\n          \"verb\": \"addSPFieldXml\",\r\n          \"schemaXml\": \"<Field DisplayName=\\\"SecondryColor\\\" Format=\\\"Dropdown\\\" IsModern=\\\"TRUE\\\" MaxLength=\\\"255\\\" Name=\\\"SecondryColor\\\" Title=\\\"SecondryColor\\\" Type=\\\"Text\\\" ID=\\\"{945370c3-7c3b-4b7e-b76f-bb58f58b0e6d}\\\" StaticName=\\\"SecondryColor\\\" />\"\r\n        },\r\n        {\r\n          \"verb\": \"addSPFieldXml\",\r\n          \"schemaXml\": \"<Field DisplayName=\\\"ReasonforClosure\\\" Format=\\\"Dropdown\\\" IsModern=\\\"TRUE\\\" MaxLength=\\\"255\\\" Name=\\\"ReasonforClosure\\\" Title=\\\"ReasonforClosure\\\" Type=\\\"Text\\\" ID=\\\"{104822be-ad3b-42f3-bfa9-0f573407976b}\\\" StaticName=\\\"ReasonforClosure\\\" />\"\r\n        },\r\n        {\r\n          \"verb\": \"addSPFieldXml\",\r\n          \"schemaXml\": \"<Field ID=\\\"{82642ec8-ef9b-478f-acf9-31f7d45fbc31}\\\" ReadOnly=\\\"TRUE\\\" Type=\\\"Computed\\\" Name=\\\"LinkTitle\\\" DisplayName=\\\"Title\\\" DisplayNameSrcField=\\\"Title\\\" ClassInfo=\\\"Menu\\\" AuthoringInfo=\\\"(linked to item with edit menu)\\\" ListItemMenuAllowed=\\\"Required\\\" LinkToItemAllowed=\\\"Prohibited\\\" SourceID=\\\"http://schemas.microsoft.com/sharepoint/v3\\\" StaticName=\\\"LinkTitle\\\" FromBaseType=\\\"TRUE\\\"><FieldRefs><FieldRef Name=\\\"Title\\\" /><FieldRef Name=\\\"LinkTitleNoMenu\\\" /><FieldRef Name=\\\"_EditMenuTableStart2\\\" /><FieldRef Name=\\\"_EditMenuTableEnd\\\" /></FieldRefs><DisplayPattern><FieldSwitch><Expr><GetVar Name=\\\"FreeForm\\\" /></Expr><Case Value=\\\"TRUE\\\"><Field Name=\\\"LinkTitleNoMenu\\\" /></Case><Default><HTML><![CDATA[<div class=\\\"ms-vb itx\\\" onmouseover=\\\"OnItem(this)\\\" CTXName=\\\"ctx]]></HTML><Field Name=\\\"_EditMenuTableStart2\\\" /><HTML><![CDATA[\\\">]]></HTML><Field Name=\\\"LinkTitleNoMenu\\\" /><HTML><![CDATA[</div>]]></HTML><HTML><![CDATA[<div class=\\\"s4-ctx\\\" onmouseover=\\\"OnChildItem(this.parentNode); return false;\\\">]]></HTML><HTML><![CDATA[<span>&nbsp;</span>]]></HTML><HTML><![CDATA[<a onfocus=\\\"OnChildItem(this.parentNode.parentNode); return false;\\\" onclick=\\\"PopMenuFromChevron(event); return false;\\\" href=\\\"javascript:;\\\" title=\\\"Open Menu\\\"></a>]]></HTML><HTML><![CDATA[<span>&nbsp;</span>]]></HTML><HTML><![CDATA[</div>]]></HTML></Default></FieldSwitch></DisplayPattern></Field>\"\r\n        },\r\n        {\r\n          \"verb\": \"addContentType\",\r\n          \"name\": \"Item\",\r\n          \"id\": \"0x01\",\r\n          \"fieldRefsXml\": [\r\n            \"<FieldRef ID=\\\"{fa564e0f-0c70-4ab9-b863-0177e6ddd247}\\\" Name=\\\"Title\\\" />\",\r\n            \"<FieldRef ID=\\\"{82642ec8-ef9b-478f-acf9-31f7d45fbc31}\\\" Name=\\\"LinkTitle\\\" DisplayName=\\\"Title\\\" ReadOnly=\\\"TRUE\\\" />\",\r\n            \"<FieldRef ID=\\\"{a194b7e8-939f-44f3-8610-a49b95fa0849}\\\" Name=\\\"LicenseNumber\\\" />\",\r\n            \"<FieldRef ID=\\\"{b749bb37-e43d-4392-8a07-55041597cc0a}\\\" Name=\\\"State\\\" />\",\r\n            \"<FieldRef ID=\\\"{803c445d-f3bd-4046-8d65-157ed61ec15d}\\\" Name=\\\"Make\\\" />\",\r\n            \"<FieldRef ID=\\\"{9587f5f6-d4c1-4a74-9c02-12136b516b22}\\\" Name=\\\"Model\\\" />\",\r\n            \"<FieldRef ID=\\\"{62bc9e73-00e3-4591-93b2-9e13c65374f9}\\\" Name=\\\"Year\\\" />\",\r\n            \"<FieldRef ID=\\\"{60c2c1b5-7639-4a56-a66c-c49fa6010b04}\\\" Name=\\\"Color\\\" />\",\r\n            \"<FieldRef ID=\\\"{8ed2d99d-3b1a-4ee4-9cf3-90a3ba76797a}\\\" Name=\\\"CaseDetails\\\" />\",\r\n            \"<FieldRef ID=\\\"{62c9d91b-1822-4f5b-b742-61b95ab165d4}\\\" Name=\\\"RelatedCaseNumber\\\" />\",\r\n            \"<FieldRef ID=\\\"{03f3931e-d728-401a-a34a-51e485075e8d}\\\" Name=\\\"LastKnownLocation\\\" />\",\r\n            \"<FieldRef ID=\\\"{3d1ca5dc-37d7-49e6-aec5-5dcf1baf7705}\\\" Name=\\\"BOLOType\\\" DisplayName=\\\"BOLO Type\\\" Format=\\\"Dropdown\\\" />\",\r\n            \"<FieldRef ID=\\\"{7704ba05-a511-435f-ad5b-1080c16b8ac7}\\\" Name=\\\"OICforCase\\\" />\",\r\n            \"<FieldRef ID=\\\"{d3aee33e-e9bb-4798-a3ab-92dd4509c119}\\\" Name=\\\"BoloStatus\\\" DisplayName=\\\"BoloStatus\\\" Format=\\\"Dropdown\\\" />\",\r\n            \"<FieldRef ID=\\\"{945370c3-7c3b-4b7e-b76f-bb58f58b0e6d}\\\" Name=\\\"SecondryColor\\\" />\",\r\n            \"<FieldRef ID=\\\"{104822be-ad3b-42f3-bfa9-0f573407976b}\\\" Name=\\\"ReasonforClosure\\\" />\"\r\n          ]\r\n        },\r\n        {\r\n          \"verb\": \"addContentType\",\r\n          \"name\": \"Folder\",\r\n          \"id\": \"0x0120\"\r\n        },\r\n        {\r\n          \"verb\": \"addSPView\",\r\n          \"name\": \"All Items\",\r\n          \"viewFields\": [\r\n            \"LinkTitle\",\r\n            \"LicenseNumber\",\r\n            \"State\",\r\n            \"Make\",\r\n            \"Model\",\r\n            \"Year\",\r\n            \"Color\",\r\n            \"CaseDetails\",\r\n            \"RelatedCaseNumber\",\r\n            \"LastKnownLocation\",\r\n            \"BOLOType\",\r\n            \"OICforCase\",\r\n            \"BoloStatus\",\r\n            \"SecondryColor\",\r\n            \"ReasonforClosure\"\r\n          ],\r\n          \"query\": \"\",\r\n          \"rowLimit\": 30,\r\n          \"isPaged\": true,\r\n          \"makeDefault\": true,\r\n          \"formatterJSON\": \"\",\r\n          \"replaceViewFields\": true\r\n        }\r\n      ]\r\n    }\r\n  ]\r\n}"
            }
          }
        },
        "Parse_JSON": {
          "runAfter": {
            "Compose": [
              "Succeeded"
            ]
          },
          "metadata": {
            "operationMetadataId": "454e3961-66d8-463f-b632-d23e03b19e8d"
          },
          "type": "ParseJson",
          "inputs": {
            "content": "@outputs('Compose')?['d']?['GetSiteScriptFromList']",
            "schema": {
              "type": "object",
              "properties": {
                "d": {
                  "type": "object",
                  "properties": {
                    "GetSiteScriptFromList": {
                      "type": "string"
                    }
                  }
                }
              }
            }
          }
        },
        "Send_an_HTTP_request_to_SharePoint": {
          "runAfter": {
            "Parse_JSON": [
              "Succeeded"
            ]
          },
          "metadata": {
            "operationMetadataId": "f4d4a863-ba89-4d61-aadc-fd7ad710daf9"
          },
          "type": "OpenApiConnection",
          "inputs": {
            "host": {
              "connectionName": "shared_sharepointonline_1",
              "operationId": "HttpRequest",
              "apiId": "/providers/Microsoft.PowerApps/apis/shared_sharepointonline"
            },
            "parameters": {
              "dataset": "@parameters('BOLOSiteUrl (new_BOLOSiteUrl)')",
              "parameters/method": "POST",
              "parameters/uri": "_api/Microsoft.Sharepoint.Utilities.WebTemplateExtensions.SiteScriptUtility.ExecuteTemplateScript()",
              "parameters/headers": {
                "accept": "application/json;odata=verbose",
                "content-type": "application/json;odata=verbose"
              },
              "parameters/body": "{\"script\": \"{\\\"actions\\\":@{replace(replace(string(body('Parse_JSON')?['actions']), '\\', '\\\\'), '\"', '\\\"')}}\"}"
            },
            "authentication": {
              "type": "Raw",
              "value": "@json(decodeBase64(triggerOutputs().headers['X-MS-APIM-Tokens']))['$ConnectionKey']"
            }
          }
        }
      }
    }
  },
  "schemaVersion": "1.0.0.0"
}