{
  "properties": {
    "connectionReferences": {
      "shared_sharepointonline_1": {
        "runtimeSource": "invoker",
        "connection": {
          "connectionReferenceLogicalName": "new_SharePointConnection"
        },
        "api": {
          "name": "shared_sharepointonline"
        }
      }
    },
    "definition": {
      "$schema": "https://schema.management.azure.com/providers/Microsoft.Logic/schemas/2016-06-01/workflowdefinition.json#",
      "contentVersion": "1.0.0.0",
      "parameters": {
        "$connections": {
          "defaultValue": {},
          "type": "Object"
        },
        "$authentication": {
          "defaultValue": {},
          "type": "SecureObject"
        },
        "BOLOSiteUrl (new_BOLOSiteUrl)": {
          "defaultValue": "https://gov210645.sharepoint.com/sites/Dataverse",
          "type": "String",
          "metadata": {
            "schemaName": "new_BOLOSiteUrl",
            "description": "Url to BOLO Site "
          }
        }
      },
      "triggers": {
        "manual": {
          "metadata": {
            "operationMetadataId": "7f9dde4e-f9d0-4ee7-91cd-5d606f1eab48"
          },
          "type": "Request",
          "kind": "Button",
          "inputs": {
            "schema": {
              "type": "object",
              "properties": {},
              "required": []
            }
          }
        }
      },
      "actions": {
        "Compose": {
          "runAfter": {},
          "metadata": {
            "operationMetadataId": "710c98f7-a31c-4aa1-8efe-e7ad3aaf8b32"
          },
          "type": "Compose",
          "inputs": {
            "d": {
              "GetSiteScriptFromList": "{\r\n  \"$schema\": \"https://developer.microsoft.com/json-schemas/sp/site-design-script-actions.schema.json\",\r\n  \"actions\": [\r\n    {\r\n      \"verb\": \"createSPList\",\r\n      \"listName\": \"HairColor\",\r\n      \"templateType\": 100,\r\n      \"color\": \"0\",\r\n      \"icon\": \"7\",\r\n      \"subactions\": [\r\n        {\r\n          \"verb\": \"addSPFieldXml\",\r\n          \"schemaXml\": \"<Field ID=\\\"{fa564e0f-0c70-4ab9-b863-0177e6ddd247}\\\" Type=\\\"Text\\\" Name=\\\"Title\\\" DisplayName=\\\"Title\\\" Required=\\\"TRUE\\\" SourceID=\\\"http://schemas.microsoft.com/sharepoint/v3\\\" StaticName=\\\"Title\\\" FromBaseType=\\\"TRUE\\\" MaxLength=\\\"255\\\" />\"\r\n        },\r\n        {\r\n          \"verb\": \"addSPFieldXml\",\r\n          \"schemaXml\": \"<Field ID=\\\"{82642ec8-ef9b-478f-acf9-31f7d45fbc31}\\\" ReadOnly=\\\"TRUE\\\" Type=\\\"Computed\\\" Name=\\\"LinkTitle\\\" DisplayName=\\\"Title\\\" DisplayNameSrcField=\\\"Title\\\" ClassInfo=\\\"Menu\\\" AuthoringInfo=\\\"(linked to item with edit menu)\\\" ListItemMenuAllowed=\\\"Required\\\" LinkToItemAllowed=\\\"Prohibited\\\" SourceID=\\\"http://schemas.microsoft.com/sharepoint/v3\\\" StaticName=\\\"LinkTitle\\\" FromBaseType=\\\"TRUE\\\"><FieldRefs><FieldRef Name=\\\"Title\\\" /><FieldRef Name=\\\"LinkTitleNoMenu\\\" /><FieldRef Name=\\\"_EditMenuTableStart2\\\" /><FieldRef Name=\\\"_EditMenuTableEnd\\\" /></FieldRefs><DisplayPattern><FieldSwitch><Expr><GetVar Name=\\\"FreeForm\\\" /></Expr><Case Value=\\\"TRUE\\\"><Field Name=\\\"LinkTitleNoMenu\\\" /></Case><Default><HTML><![CDATA[<div class=\\\"ms-vb itx\\\" onmouseover=\\\"OnItem(this)\\\" CTXName=\\\"ctx]]></HTML><Field Name=\\\"_EditMenuTableStart2\\\" /><HTML><![CDATA[\\\">]]></HTML><Field Name=\\\"LinkTitleNoMenu\\\" /><HTML><![CDATA[</div>]]></HTML><HTML><![CDATA[<div class=\\\"s4-ctx\\\" onmouseover=\\\"OnChildItem(this.parentNode); return false;\\\">]]></HTML><HTML><![CDATA[<span>&nbsp;</span>]]></HTML><HTML><![CDATA[<a onfocus=\\\"OnChildItem(this.parentNode.parentNode); return false;\\\" onclick=\\\"PopMenuFromChevron(event); return false;\\\" href=\\\"javascript:;\\\" title=\\\"Open Menu\\\"></a>]]></HTML><HTML><![CDATA[<span>&nbsp;</span>]]></HTML><HTML><![CDATA[</div>]]></HTML></Default></FieldSwitch></DisplayPattern></Field>\"\r\n        },\r\n        {\r\n          \"verb\": \"addContentType\",\r\n          \"name\": \"Item\",\r\n          \"id\": \"0x01\",\r\n          \"fieldRefsXml\": [\r\n            \"<FieldRef ID=\\\"{fa564e0f-0c70-4ab9-b863-0177e6ddd247}\\\" Name=\\\"Title\\\" />\",\r\n            \"<FieldRef ID=\\\"{82642ec8-ef9b-478f-acf9-31f7d45fbc31}\\\" Name=\\\"LinkTitle\\\" DisplayName=\\\"Title\\\" ReadOnly=\\\"TRUE\\\" />\"\r\n          ]\r\n        },\r\n        {\r\n          \"verb\": \"addContentType\",\r\n          \"name\": \"Folder\",\r\n          \"id\": \"0x0120\"\r\n        },\r\n        {\r\n          \"verb\": \"addSPView\",\r\n          \"name\": \"All Items\",\r\n          \"viewFields\": [\r\n            \"LinkTitle\"\r\n          ],\r\n          \"query\": \"\",\r\n          \"rowLimit\": 30,\r\n          \"isPaged\": true,\r\n          \"makeDefault\": true,\r\n          \"replaceViewFields\": true\r\n        }\r\n      ]\r\n    }\r\n  ]\r\n}"
            }
          }
        },
        "Parse_JSON": {
          "runAfter": {
            "Compose": [
              "Succeeded"
            ]
          },
          "metadata": {
            "operationMetadataId": "454e3961-66d8-463f-b632-d23e03b19e8d"
          },
          "type": "ParseJson",
          "inputs": {
            "content": "@outputs('Compose')?['d']?['GetSiteScriptFromList']",
            "schema": {
              "type": "object",
              "properties": {
                "d": {
                  "type": "object",
                  "properties": {
                    "GetSiteScriptFromList": {
                      "type": "string"
                    }
                  }
                }
              }
            }
          }
        },
        "Send_an_HTTP_request_to_SharePoint": {
          "runAfter": {
            "Parse_JSON": [
              "Succeeded"
            ]
          },
          "metadata": {
            "operationMetadataId": "f4d4a863-ba89-4d61-aadc-fd7ad710daf9"
          },
          "type": "OpenApiConnection",
          "inputs": {
            "host": {
              "connectionName": "shared_sharepointonline_1",
              "operationId": "HttpRequest",
              "apiId": "/providers/Microsoft.PowerApps/apis/shared_sharepointonline"
            },
            "parameters": {
              "dataset": "@parameters('BOLOSiteUrl (new_BOLOSiteUrl)')",
              "parameters/method": "POST",
              "parameters/uri": "_api/Microsoft.Sharepoint.Utilities.WebTemplateExtensions.SiteScriptUtility.ExecuteTemplateScript()",
              "parameters/headers": {
                "accept": "application/json;odata=verbose",
                "content-type": "application/json;odata=verbose"
              },
              "parameters/body": "{\"script\": \"{\\\"actions\\\":@{replace(replace(string(body('Parse_JSON')?['actions']), '\\', '\\\\'), '\"', '\\\"')}}\"}"
            },
            "authentication": {
              "type": "Raw",
              "value": "@json(decodeBase64(triggerOutputs().headers['X-MS-APIM-Tokens']))['$ConnectionKey']"
            }
          }
        }
      }
    }
  },
  "schemaVersion": "1.0.0.0"
}