{
  "properties": {
    "connectionReferences": {
      "shared_sharepointonline": {
        "runtimeSource": "embedded",
        "connection": {
          "connectionReferenceLogicalName": "new_SharePointConnection"
        },
        "api": {
          "name": "shared_sharepointonline"
        }
      },
      "shared_teams_2": {
        "runtimeSource": "embedded",
        "connection": {
          "connectionReferenceLogicalName": "new_sharedteams_79b81"
        },
        "api": {
          "name": "shared_teams"
        }
      },
      "shared_teams": {
        "runtimeSource": "embedded",
        "connection": {
          "connectionReferenceLogicalName": "new_Teams"
        },
        "api": {
          "name": "shared_teams"
        }
      }
    },
    "definition": {
      "$schema": "https://schema.management.azure.com/providers/Microsoft.Logic/schemas/2016-06-01/workflowdefinition.json#",
      "contentVersion": "1.0.0.0",
      "parameters": {
        "$connections": {
          "defaultValue": {},
          "type": "Object"
        },
        "$authentication": {
          "defaultValue": {},
          "type": "SecureObject"
        }
      },
      "triggers": {
        "When_an_item_is_created": {
          "recurrence": {
            "interval": 1,
            "frequency": "Minute"
          },
          "splitOn": "@triggerOutputs()?['body/value']",
          "metadata": {
            "operationMetadataId": "524655a0-4ffc-4ae6-af8b-1fa25762ceeb"
          },
          "type": "OpenApiConnection",
          "inputs": {
            "host": {
              "connectionName": "shared_sharepointonline",
              "operationId": "GetOnNewItems",
              "apiId": "/providers/Microsoft.PowerApps/apis/shared_sharepointonline"
            },
            "parameters": {
              "dataset": "https://gov210645.sharepoint.com/sites/MicrosoftBOLOApp",
              "table": "79b1487d-2f63-446a-bb44-94f2eacc762a"
            },
            "authentication": "@parameters('$authentication')"
          }
        }
      },
      "actions": {
        "Get_item": {
          "runAfter": {},
          "metadata": {
            "operationMetadataId": "0af4c3d6-ee92-461f-9d29-89c95e3fa8d5"
          },
          "type": "OpenApiConnection",
          "inputs": {
            "host": {
              "connectionName": "shared_sharepointonline",
              "operationId": "GetItem",
              "apiId": "/providers/Microsoft.PowerApps/apis/shared_sharepointonline"
            },
            "parameters": {
              "dataset": "https://gov210645.sharepoint.com/sites/MicrosoftBOLOApp",
              "table": "79b1487d-2f63-446a-bb44-94f2eacc762a",
              "id": "@triggerOutputs()?['body/ID']"
            },
            "authentication": "@parameters('$authentication')"
          }
        },
        "Get_attachments": {
          "runAfter": {
            "Get_item": [
              "Succeeded"
            ]
          },
          "metadata": {
            "operationMetadataId": "2eb96e1d-5f4e-4c89-b046-32c85c6d288a"
          },
          "type": "OpenApiConnection",
          "inputs": {
            "host": {
              "connectionName": "shared_sharepointonline",
              "operationId": "GetItemAttachments",
              "apiId": "/providers/Microsoft.PowerApps/apis/shared_sharepointonline"
            },
            "parameters": {
              "dataset": "https://gov210645.sharepoint.com/sites/MicrosoftBOLOApp",
              "table": "79b1487d-2f63-446a-bb44-94f2eacc762a",
              "itemId": "@outputs('Get_item')?['body/ID']"
            },
            "authentication": "@parameters('$authentication')"
          }
        },
        "Initialize_variable": {
          "runAfter": {
            "Parse_JSON": [
              "Succeeded"
            ]
          },
          "metadata": {
            "operationMetadataId": "fdec0751-fb4b-46ba-9b80-a26478837167"
          },
          "type": "InitializeVariable",
          "inputs": {
            "variables": [
              {
                "name": "varImage",
                "type": "string",
                "value": "@body('Parse_JSON')?['AbsoluteUri']"
              }
            ]
          }
        },
        "Compose": {
          "runAfter": {
            "Get_attachments": [
              "Succeeded"
            ]
          },
          "metadata": {
            "operationMetadataId": "ba58048c-acff-4d39-ab68-19f1114c4d1e"
          },
          "type": "Compose",
          "inputs": "@first(outputs('Get_attachments')?['body'])"
        },
        "Parse_JSON": {
          "runAfter": {
            "Compose": [
              "Succeeded"
            ]
          },
          "metadata": {
            "operationMetadataId": "c0b2362a-eb5c-44df-abce-866f2c38402d"
          },
          "type": "ParseJson",
          "inputs": {
            "content": "@outputs('Compose')",
            "schema": {
              "type": "object",
              "properties": {
                "Id": {
                  "type": "string"
                },
                "AbsoluteUri": {
                  "type": "string"
                },
                "DisplayName": {
                  "type": "string"
                },
                "@@odata.type": {
                  "type": "string"
                }
              }
            }
          }
        },
        "Switch": {
          "runAfter": {
            "Apply_to_each": [
              "Succeeded"
            ]
          },
          "cases": {
            "Case": {
              "case": "Missing",
              "actions": {
                "Post_adaptive_card_in_a_chat_or_channel": {
                  "runAfter": {},
                  "metadata": {
                    "operationMetadataId": "861c7e46-e7dd-4390-8a64-042afaa471ca"
                  },
                  "type": "OpenApiConnection",
                  "inputs": {
                    "host": {
                      "connectionName": "shared_teams_2",
                      "operationId": "PostCardToConversation",
                      "apiId": "/providers/Microsoft.PowerApps/apis/shared_teams"
                    },
                    "parameters": {
                      "poster": "User",
                      "location": "Channel",
                      "body/recipient/groupId": "a3e45bc1-24cd-4cb0-b303-5b5e1a49b3f5",
                      "body/recipient/channelId": "19:2d2752dd371f4bf88c19b22b8083cd1d@thread.tacv2",
                      "body/messageBody": "{\n    \"type\": \"AdaptiveCard\",\n    \"$schema\": \"http://adaptivecards.io/schemas/adaptive-card.json\",\n    \"version\": \"1.4\",\n    \"body\": [\n        {\n            \"type\": \"Image\",\n            \"size\": \"Large\",\n            \"url\": \"@{variables('varImage')}\",\n            \"horizontalAlignment\": \"Center\",\n            \"width\": \"250px\",\n            \"height\": \"250px\"\n        },\n        {\n            \"type\": \"ColumnSet\",\n            \"columns\": [\n                {\n                    \"type\": \"Column\",\n                    \"width\": \"39px\",\n                    \"items\": [\n                        {\n                            \"type\": \"TextBlock\",\n                            \"wrap\": true,\n                            \"text\": \"BOLO Type\",\n                            \"weight\": \"Bolder\"\n                        }\n                    ]\n                },\n                {\n                    \"type\": \"Column\",\n                    \"width\": \"stretch\",\n                    \"items\": [\n                        {\n                            \"type\": \"TextBlock\",\n                            \"wrap\": true,\n                            \"text\": \"@{outputs('Get_item')?['body/Type_x0020_of_x0020_Missing']}\"\n                        }\n                    ]\n                },\n                {\n                    \"type\": \"Column\",\n                    \"width\": \"55px\",\n                    \"items\": [\n                        {\n                            \"type\": \"TextBlock\",\n                            \"wrap\": true,\n                            \"weight\": \"Bolder\"\n                        }\n                    ]\n                },\n                {\n                    \"type\": \"Column\",\n                    \"width\": \"50px\",\n                    \"items\": [\n                        {\n                            \"type\": \"TextBlock\",\n                            \"wrap\": true,\n                            \"weight\": \"Bolder\"\n                        }\n                    ]\n                }\n            ]\n        },\n        {\n            \"type\": \"ColumnSet\",\n            \"columns\": [\n                {\n                    \"type\": \"Column\",\n                    \"width\": \"79px\",\n                    \"items\": [\n                        {\n                            \"type\": \"TextBlock\",\n                            \"text\": \"Case No.\",\n                            \"wrap\": true,\n                            \"weight\": \"Bolder\"\n                        }\n                    ]\n                },\n                {\n                    \"type\": \"Column\",\n                    \"width\": \"stretch\",\n                        \"text\": \"@{outputs('Get_item')?['body/CaseNumber']}\",\n                    \"items\": [\n                        {\n                            \"type\": \"TextBlock\",\n                            \"wrap\": true\n                        }\n                    ]\n                }\n            ]\n        },\n        {\n            \"type\": \"ColumnSet\",\n            \"columns\": [\n                {\n                    \"type\": \"Column\",\n                    \"width\": \"57px\",\n                    \"items\": [\n                        {\n                            \"type\": \"TextBlock\",\n                            \"wrap\": true,\n                            \"text\": \"Location\",\n                            \"weight\": \"Bolder\"\n                        }\n                    ]\n                },\n                {\n                    \"type\": \"Column\",\n                    \"width\": \"stretch\",\n                    \"items\": [\n                        {\n                            \"type\": \"TextBlock\",\n                            \"wrap\": true,\n                            \"text\": \"@{outputs('Get_item')?['body/LastKnownLocation']}\"\n                        }\n                    ]\n                }\n            ]\n        },\n        {\n            \"type\": \"ColumnSet\",\n            \"columns\": [\n                {\n                    \"type\": \"Column\",\n                    \"width\": \"43px\",\n                    \"items\": [\n                        {\n                            \"type\": \"TextBlock\",\n                            \"text\": \"Name\",\n                            \"wrap\": true,\n                            \"weight\": \"Bolder\"\n                        }\n                    ]\n                },\n                {\n                    \"type\": \"Column\",\n                    \"width\": \"stretch\",\n                    \"items\": [\n                        {\n                            \"type\": \"TextBlock\",\n                            \"wrap\": true,\n                            \"text\": \"@{outputs('Get_item')?['body/FirstName']} @{outputs('Get_item')?['body/MiddleName']} @{outputs('Get_item')?['body/LastName']} AKA @{outputs('Get_item')?['body/AKA']}\"\n                        }\n                    ]\n                }\n            ]\n        },\n        {\n            \"type\": \"ColumnSet\",\n            \"columns\": [\n                {\n                    \"type\": \"Column\",\n                    \"width\": \"90px\",\n                    \"items\": [\n                        {\n                            \"type\": \"TextBlock\",\n                            \"text\": \"Last Address\",\n                            \"wrap\": true,\n                            \"weight\": \"Bolder\"\n                        }\n                    ]\n                },\n                {\n                    \"type\": \"Column\",\n                    \"width\": \"stretch\",\n                    \"items\": [\n                        {\n                            \"type\": \"TextBlock\",\n                            \"wrap\": true,\n                            \"text\": \"@{outputs('Get_item')?['body/LastKnownLocation']}\"\n                        }\n                    ]\n                }\n            ]\n        },\n        {\n            \"type\": \"ColumnSet\",\n            \"columns\": [\n                {\n                    \"type\": \"Column\",\n                    \"width\": \"87px\",\n                    \"items\": [\n                        {\n                            \"type\": \"TextBlock\",\n                            \"text\": \"Race/Gender\",\n                            \"wrap\": true,\n                            \"weight\": \"Bolder\"\n                        }\n                    ]\n                },\n                {\n                    \"type\": \"Column\",\n                    \"width\": \"stretch\",\n                    \"items\": [\n                        {\n                            \"type\": \"TextBlock\",\n                            \"text\": \"@{variables('Race')} / @{outputs('Get_item')?['body/Gender/Value']}\",\n                            \"wrap\": true\n                        }\n                    ]\n                }\n            ]\n        },\n        {\n            \"type\": \"ColumnSet\",\n            \"columns\": [\n                {\n                    \"type\": \"Column\",\n                    \"width\": \"72px\",\n                    \"items\": [\n                        {\n                            \"type\": \"TextBlock\",\n                            \"text\": \"Crime Type\",\n                            \"wrap\": true,\n                            \"weight\": \"Bolder\"\n                        }\n                    ]\n                },\n                {\n                    \"type\": \"Column\",\n                    \"width\": \"137px\",\n                    \"items\": [\n                        {\n                            \"type\": \"TextBlock\",\n                            \"wrap\": true,\n                            \"text\": \"@{outputs('Get_item')?['body/Type_x0020_of_x0020_Missing']}\"\n                        }\n                    ]\n                },\n                {\n                    \"type\": \"Column\",\n                    \"width\": \"44px\",\n                    \"items\": [\n                        {\n                            \"type\": \"TextBlock\",\n                            \"wrap\": true,\n                            \"text\": \"DOB\",\n                            \"weight\": \"Bolder\"\n                        }\n                    ]\n                },\n                {\n                    \"type\": \"Column\",\n                    \"width\": \"stretch\",\n                    \"items\": [\n                        {\n                            \"type\": \"TextBlock\",\n                            \"wrap\": true,\n                            \"text\": \"@{outputs('Get_item')?['body/DOB']}\"\n                        }\n                    ]\n                }\n            ]\n        },\n        {\n            \"type\": \"ColumnSet\",\n            \"columns\": [\n                {\n                    \"type\": \"Column\",\n                    \"width\": \"78px\",\n                    \"items\": [\n                        {\n                            \"type\": \"TextBlock\",\n                            \"text\": \"Warrant No.\",\n                            \"wrap\": true,\n                            \"weight\": \"Bolder\"\n                        }\n                    ]\n                },\n                {\n                    \"type\": \"Column\",\n                    \"width\": \"96px\",\n                    \"items\": [\n                        {\n                            \"type\": \"TextBlock\",\n                            \"wrap\": true,\n                            \"text\": \"@{outputs('Get_item')?['body/Title']}\"\n                        }\n                    ]\n                },\n                {\n                    \"type\": \"Column\",\n                    \"width\": \"45px\",\n                    \"items\": [\n                        {\n                            \"type\": \"TextBlock\",\n                            \"text\": \"Height\",\n                            \"wrap\": true,\n                            \"weight\": \"Bolder\"\n                        }\n                    ]\n                },\n                {\n                    \"type\": \"Column\",\n                    \"width\": \"stretch\",\n                    \"items\": [\n                        {\n                            \"type\": \"TextBlock\",\n                            \"wrap\": true,\n                            \"text\": \"@{outputs('Get_item')?['body/Height']}\"\n                        }\n                    ]\n                },\n                {\n                    \"type\": \"Column\",\n                    \"width\": \"50px\",\n                    \"items\": [\n                        {\n                            \"type\": \"TextBlock\",\n                            \"text\": \"Weight\",\n                            \"wrap\": true,\n                            \"weight\": \"Bolder\"\n                        }\n                    ]\n                },\n                {\n                    \"type\": \"Column\",\n                    \"width\": \"stretch\",\n                    \"items\": [\n                        {\n                            \"type\": \"TextBlock\",\n                            \"wrap\": true,\n                            \"text\": \"@{outputs('Get_item')?['body/Weight']}\"\n                        }\n                    ]\n                }\n            ]\n        },\n        {\n            \"type\": \"ColumnSet\",\n            \"columns\": [\n                {\n                    \"type\": \"Column\",\n                    \"width\": \"87px\",\n                    \"items\": [\n                        {\n                            \"type\": \"TextBlock\",\n                            \"text\": \"Scars/Tattoos\",\n                            \"wrap\": true,\n                            \"weight\": \"Bolder\"\n                        }\n                    ]\n                },\n                {\n                    \"type\": \"Column\",\n                    \"width\": \"stretch\",\n                    \"items\": [\n                        {\n                            \"type\": \"TextBlock\",\n                            \"wrap\": true,\n                            \"text\": \"@{outputs('Get_item')?['body/Scars_x002d_Marks_x002d_Tattoos']}\"\n                        }\n                    ]\n                }\n            ]\n        },\n        {\n            \"type\": \"ColumnSet\",\n            \"columns\": [\n                {\n                    \"type\": \"Column\",\n                    \"width\": \"stretch\",\n                    \"items\": [\n                        {\n                            \"type\": \"TextBlock\",\n                            \"text\": \"Detective/ Officer\",\n                            \"wrap\": true,\n                            \"weight\": \"Bolder\"\n                        }\n                    ]\n                },\n                {\n                    \"type\": \"Column\",\n                    \"width\": \"stretch\",\n                    \"items\": [\n                        {\n                            \"type\": \"TextBlock\",\n                            \"wrap\": true,\n                            \"text\": \"@{outputs('Get_item')?['body/OICforCase/DisplayName']}\"\n                        }\n                    ]\n                }\n            ]\n        },\n        {\n            \"type\": \"ColumnSet\",\n            \"columns\": [\n                {\n                    \"type\": \"Column\",\n                    \"width\": \"69px\",\n                    \"items\": [\n                        {\n                            \"type\": \"TextBlock\",\n                            \"wrap\": true,\n                            \"text\": \"Phone no.\",\n                            \"weight\": \"Bolder\"\n                        }\n                    ]\n                },\n                {\n                    \"type\": \"Column\",\n                    \"width\": \"100px\",\n                    \"items\": [\n                        {\n                            \"type\": \"TextBlock\",\n                            \"wrap\": true,\n                            \"text\": \"918-100-2020\"\n                        }\n                    ]\n                },\n                {\n                    \"type\": \"Column\",\n                    \"width\": \"50px\",\n                    \"items\": [\n                        {\n                            \"type\": \"TextBlock\",\n                            \"text\": \"Email\",\n                            \"wrap\": true,\n                            \"weight\": \"Bolder\"\n                        }\n                    ]\n                },\n                {\n                    \"type\": \"Column\",\n                    \"width\": \"stretch\",\n                    \"items\": [\n                        {\n                            \"type\": \"TextBlock\",\n                            \"wrap\": true,\n                            \"text\": \"@{outputs('Get_item')?['body/OICforCase/Email']}\"\n                        }\n                    ]\n                }\n            ]\n        },\n        {\n            \"type\": \"ColumnSet\",\n            \"columns\": [\n                {\n                    \"type\": \"Column\",\n                    \"width\": \"stretch\",\n                    \"items\": [\n                        {\n                            \"type\": \"TextBlock\",\n                            \"wrap\": true\n                        }\n                    ]\n                }\n            ]\n        },\n        {\n            \"type\": \"TextBlock\",\n            \"text\": \"Crime Stoppers (918) 1111-TIPS\",\n            \"wrap\": true\n        }\n    ]\n}   ",
                      "body/subject": "@{outputs('Get_item')?['body/FirstName']} @{triggerOutputs()?['body/LastName']} "
                    },
                    "authentication": "@parameters('$authentication')",
                    "retryPolicy": {
                      "type": "none"
                    }
                  }
                }
              }
            },
            "Case_2": {
              "case": "Wanted",
              "actions": {
                "Post_adaptive_card_in_a_chat_or_channel_2": {
                  "runAfter": {},
                  "type": "OpenApiConnection",
                  "inputs": {
                    "host": {
                      "connectionName": "shared_teams",
                      "operationId": "PostCardToConversation",
                      "apiId": "/providers/Microsoft.PowerApps/apis/shared_teams"
                    },
                    "parameters": {
                      "poster": "User",
                      "location": "Channel",
                      "body/recipient/groupId": "a3e45bc1-24cd-4cb0-b303-5b5e1a49b3f5",
                      "body/recipient/channelId": "19:8def692c8f0e408a99ef170ce00cbb8b@thread.tacv2",
                      "body/messageBody": "{\n    \"type\": \"AdaptiveCard\",\n    \"$schema\": \"http://adaptivecards.io/schemas/adaptive-card.json\",\n    \"version\": \"1.4\",\n    \"body\": [\n        {\n            \"type\": \"Image\",\n            \"size\": \"Large\",\n            \"url\": \"@{variables('varImage')}\",\n            \"horizontalAlignment\": \"Center\",\n            \"width\": \"250px\",\n            \"height\": \"250px\"\n        },\n        {\n            \"type\": \"ColumnSet\",\n            \"columns\": [\n                {\n                    \"type\": \"Column\",\n                    \"width\": \"39px\",\n                    \"items\": [\n                        {\n                            \"type\": \"TextBlock\",\n                            \"wrap\": true,\n                            \"text\": \"BOLO Type\",\n                            \"weight\": \"Bolder\"\n                        }\n                    ]\n                },\n                {\n                    \"type\": \"Column\",\n                    \"width\": \"stretch\",\n                    \"items\": [\n                        {\n                            \"type\": \"TextBlock\",\n                            \"wrap\": true,\n                            \"text\": \"@{outputs('Get_item')?['body/Type_x0020_of_x0020_Missing']}\"\n                        }\n                    ]\n                },\n                {\n                    \"type\": \"Column\",\n                    \"width\": \"55px\",\n                    \"items\": [\n                        {\n                            \"type\": \"TextBlock\",\n                            \"wrap\": true,\n                            \"weight\": \"Bolder\"\n                        }\n                    ]\n                },\n                {\n                    \"type\": \"Column\",\n                    \"width\": \"50px\",\n                    \"items\": [\n                        {\n                            \"type\": \"TextBlock\",\n                            \"wrap\": true,\n                            \"weight\": \"Bolder\"\n                        }\n                    ]\n                }\n            ]\n        },\n        {\n            \"type\": \"ColumnSet\",\n            \"columns\": [\n                {\n                    \"type\": \"Column\",\n                    \"width\": \"79px\",\n                    \"items\": [\n                        {\n                            \"type\": \"TextBlock\",\n                            \"text\": \"Case No.\",\n                            \"wrap\": true,\n                            \"weight\": \"Bolder\"\n                        }\n                    ]\n                },\n                {\n                    \"type\": \"Column\",\n                    \"width\": \"stretch\",\n                        \"text\": \"@{outputs('Get_item')?['body/CaseNumber']}\",\n                    \"items\": [\n                        {\n                            \"type\": \"TextBlock\",\n                            \"wrap\": true\n                        }\n                    ]\n                }\n            ]\n        },\n        {\n            \"type\": \"ColumnSet\",\n            \"columns\": [\n                {\n                    \"type\": \"Column\",\n                    \"width\": \"57px\",\n                    \"items\": [\n                        {\n                            \"type\": \"TextBlock\",\n                            \"wrap\": true,\n                            \"text\": \"Location\",\n                            \"weight\": \"Bolder\"\n                        }\n                    ]\n                },\n                {\n                    \"type\": \"Column\",\n                    \"width\": \"stretch\",\n                    \"items\": [\n                        {\n                            \"type\": \"TextBlock\",\n                            \"wrap\": true,\n                            \"text\": \"@{outputs('Get_item')?['body/LastKnownLocation']}\"\n                        }\n                    ]\n                }\n            ]\n        },\n        {\n            \"type\": \"ColumnSet\",\n            \"columns\": [\n                {\n                    \"type\": \"Column\",\n                    \"width\": \"43px\",\n                    \"items\": [\n                        {\n                            \"type\": \"TextBlock\",\n                            \"text\": \"Name\",\n                            \"wrap\": true,\n                            \"weight\": \"Bolder\"\n                        }\n                    ]\n                },\n                {\n                    \"type\": \"Column\",\n                    \"width\": \"stretch\",\n                    \"items\": [\n                        {\n                            \"type\": \"TextBlock\",\n                            \"wrap\": true,\n                            \"text\": \"@{outputs('Get_item')?['body/FirstName']} @{outputs('Get_item')?['body/MiddleName']} @{outputs('Get_item')?['body/LastName']} AKA @{outputs('Get_item')?['body/AKA']}\"\n                        }\n                    ]\n                }\n            ]\n        },\n        {\n            \"type\": \"ColumnSet\",\n            \"columns\": [\n                {\n                    \"type\": \"Column\",\n                    \"width\": \"90px\",\n                    \"items\": [\n                        {\n                            \"type\": \"TextBlock\",\n                            \"text\": \"Last Address\",\n                            \"wrap\": true,\n                            \"weight\": \"Bolder\"\n                        }\n                    ]\n                },\n                {\n                    \"type\": \"Column\",\n                    \"width\": \"stretch\",\n                    \"items\": [\n                        {\n                            \"type\": \"TextBlock\",\n                            \"wrap\": true,\n                            \"text\": \"@{outputs('Get_item')?['body/LastKnownLocation']}\"\n                        }\n                    ]\n                }\n            ]\n        },\n        {\n            \"type\": \"ColumnSet\",\n            \"columns\": [\n                {\n                    \"type\": \"Column\",\n                    \"width\": \"87px\",\n                    \"items\": [\n                        {\n                            \"type\": \"TextBlock\",\n                            \"text\": \"Race/Gender\",\n                            \"wrap\": true,\n                            \"weight\": \"Bolder\"\n                        }\n                    ]\n                },\n                {\n                    \"type\": \"Column\",\n                    \"width\": \"stretch\",\n                    \"items\": [\n                        {\n                            \"type\": \"TextBlock\",\n                            \"text\": \" @{variables('Race')}/ @{outputs('Get_item')?['body/Gender/Value']}\",\n                            \"wrap\": true\n                        }\n                    ]\n                }\n            ]\n        },\n        {\n            \"type\": \"ColumnSet\",\n            \"columns\": [\n                {\n                    \"type\": \"Column\",\n                    \"width\": \"72px\",\n                    \"items\": [\n                        {\n                            \"type\": \"TextBlock\",\n                            \"text\": \"Crime Type\",\n                            \"wrap\": true,\n                            \"weight\": \"Bolder\"\n                        }\n                    ]\n                },\n                {\n                    \"type\": \"Column\",\n                    \"width\": \"137px\",\n                    \"items\": [\n                        {\n                            \"type\": \"TextBlock\",\n                            \"wrap\": true,\n                            \"text\": \"@{outputs('Get_item')?['body/Type_x0020_of_x0020_Missing']}\"\n                        }\n                    ]\n                },\n                {\n                    \"type\": \"Column\",\n                    \"width\": \"44px\",\n                    \"items\": [\n                        {\n                            \"type\": \"TextBlock\",\n                            \"wrap\": true,\n                            \"text\": \"DOB\",\n                            \"weight\": \"Bolder\"\n                        }\n                    ]\n                },\n                {\n                    \"type\": \"Column\",\n                    \"width\": \"stretch\",\n                    \"items\": [\n                        {\n                            \"type\": \"TextBlock\",\n                            \"wrap\": true,\n                            \"text\": \"@{outputs('Get_item')?['body/DOB']}\"\n                        }\n                    ]\n                }\n            ]\n        },\n        {\n            \"type\": \"ColumnSet\",\n            \"columns\": [\n                {\n                    \"type\": \"Column\",\n                    \"width\": \"78px\",\n                    \"items\": [\n                        {\n                            \"type\": \"TextBlock\",\n                            \"text\": \"Warrant No.\",\n                            \"wrap\": true,\n                            \"weight\": \"Bolder\"\n                        }\n                    ]\n                },\n                {\n                    \"type\": \"Column\",\n                    \"width\": \"96px\",\n                    \"items\": [\n                        {\n                            \"type\": \"TextBlock\",\n                            \"wrap\": true,\n                            \"text\": \"@{outputs('Get_item')?['body/Title']}\"\n                        }\n                    ]\n                },\n                {\n                    \"type\": \"Column\",\n                    \"width\": \"45px\",\n                    \"items\": [\n                        {\n                            \"type\": \"TextBlock\",\n                            \"text\": \"Height\",\n                            \"wrap\": true,\n                            \"weight\": \"Bolder\"\n                        }\n                    ]\n                },\n                {\n                    \"type\": \"Column\",\n                    \"width\": \"stretch\",\n                    \"items\": [\n                        {\n                            \"type\": \"TextBlock\",\n                            \"wrap\": true,\n                            \"text\": \"@{outputs('Get_item')?['body/Height']}\"\n                        }\n                    ]\n                },\n                {\n                    \"type\": \"Column\",\n                    \"width\": \"50px\",\n                    \"items\": [\n                        {\n                            \"type\": \"TextBlock\",\n                            \"text\": \"Weight\",\n                            \"wrap\": true,\n                            \"weight\": \"Bolder\"\n                        }\n                    ]\n                },\n                {\n                    \"type\": \"Column\",\n                    \"width\": \"stretch\",\n                    \"items\": [\n                        {\n                            \"type\": \"TextBlock\",\n                            \"wrap\": true,\n                            \"text\": \"@{outputs('Get_item')?['body/Weight']}\"\n                        }\n                    ]\n                }\n            ]\n        },\n        {\n            \"type\": \"ColumnSet\",\n            \"columns\": [\n                {\n                    \"type\": \"Column\",\n                    \"width\": \"87px\",\n                    \"items\": [\n                        {\n                            \"type\": \"TextBlock\",\n                            \"text\": \"Scars/Tattoos\",\n                            \"wrap\": true,\n                            \"weight\": \"Bolder\"\n                        }\n                    ]\n                },\n                {\n                    \"type\": \"Column\",\n                    \"width\": \"stretch\",\n                    \"items\": [\n                        {\n                            \"type\": \"TextBlock\",\n                            \"wrap\": true,\n                            \"text\": \"@{outputs('Get_item')?['body/Scars_x002d_Marks_x002d_Tattoos']}\"\n                        }\n                    ]\n                }\n            ]\n        },\n        {\n            \"type\": \"ColumnSet\",\n            \"columns\": [\n                {\n                    \"type\": \"Column\",\n                    \"width\": \"stretch\",\n                    \"items\": [\n                        {\n                            \"type\": \"TextBlock\",\n                            \"text\": \"Detective/ Officer\",\n                            \"wrap\": true,\n                            \"weight\": \"Bolder\"\n                        }\n                    ]\n                },\n                {\n                    \"type\": \"Column\",\n                    \"width\": \"stretch\",\n                    \"items\": [\n                        {\n                            \"type\": \"TextBlock\",\n                            \"wrap\": true,\n                            \"text\": \"@{outputs('Get_item')?['body/OICforCase/DisplayName']}\"\n                        }\n                    ]\n                }\n            ]\n        },\n        {\n            \"type\": \"ColumnSet\",\n            \"columns\": [\n                {\n                    \"type\": \"Column\",\n                    \"width\": \"69px\",\n                    \"items\": [\n                        {\n                            \"type\": \"TextBlock\",\n                            \"wrap\": true,\n                            \"text\": \"Phone no.\",\n                            \"weight\": \"Bolder\"\n                        }\n                    ]\n                },\n                {\n                    \"type\": \"Column\",\n                    \"width\": \"100px\",\n                    \"items\": [\n                        {\n                            \"type\": \"TextBlock\",\n                            \"wrap\": true,\n                            \"text\": \"918-100-2020\"\n                        }\n                    ]\n                },\n                {\n                    \"type\": \"Column\",\n                    \"width\": \"50px\",\n                    \"items\": [\n                        {\n                            \"type\": \"TextBlock\",\n                            \"text\": \"Email\",\n                            \"wrap\": true,\n                            \"weight\": \"Bolder\"\n                        }\n                    ]\n                },\n                {\n                    \"type\": \"Column\",\n                    \"width\": \"stretch\",\n                    \"items\": [\n                        {\n                            \"type\": \"TextBlock\",\n                            \"wrap\": true,\n                            \"text\": \"@{outputs('Get_item')?['body/OICforCase/Email']}\"\n                        }\n                    ]\n                }\n            ]\n        },\n        {\n            \"type\": \"ColumnSet\",\n            \"columns\": [\n                {\n                    \"type\": \"Column\",\n                    \"width\": \"stretch\",\n                    \"items\": [\n                        {\n                            \"type\": \"TextBlock\",\n                            \"wrap\": true\n                        }\n                    ]\n                }\n            ]\n        },\n        {\n            \"type\": \"TextBlock\",\n            \"text\": \"Crime Stoppers (918) 1111-TIPS\",\n            \"wrap\": true\n        }\n    ]\n}   ",
                      "body/subject": "@{outputs('Get_item')?['body/FirstName']} @{outputs('Get_item')?['body/LastName']}"
                    },
                    "authentication": "@parameters('$authentication')"
                  }
                }
              }
            }
          },
          "default": {
            "actions": {}
          },
          "expression": "@outputs('Get_item')?['body/Type_x0020_of_x0020_Missing']",
          "metadata": {
            "operationMetadataId": "92ca712c-1262-4014-afe6-614d1f7c5211"
          },
          "type": "Switch"
        },
        "Initialize_variable_2": {
          "runAfter": {
            "Initialize_variable": [
              "Succeeded"
            ]
          },
          "metadata": {
            "operationMetadataId": "25a33a4a-d5b6-47cc-846f-a7ceeee03472"
          },
          "type": "InitializeVariable",
          "inputs": {
            "variables": [
              {
                "name": "Race",
                "type": "string"
              }
            ]
          }
        },
        "Apply_to_each": {
          "foreach": "@outputs('Get_item')?['body/Race']",
          "actions": {
            "Append_to_string_variable": {
              "runAfter": {},
              "metadata": {
                "operationMetadataId": "5c6123cb-a2c7-494a-a87d-0c5ef501c853"
              },
              "type": "AppendToStringVariable",
              "inputs": {
                "name": "Race",
                "value": "@{items('Apply_to_each')?['Value']},"
              }
            }
          },
          "runAfter": {
            "Initialize_variable_2": [
              "Succeeded"
            ]
          },
          "metadata": {
            "operationMetadataId": "ddb2f084-ab11-44c9-9f84-af60c9f76f03"
          },
          "type": "Foreach"
        }
      },
      "outputs": {}
    }
  },
  "schemaVersion": "1.0.0.0"
}