{
  "properties": {
    "connectionReferences": {
      "shared_sharepointonline": {
        "runtimeSource": "embedded",
        "connection": {
          "connectionReferenceLogicalName": "new_SharePointConnection"
        },
        "api": {
          "name": "shared_sharepointonline"
        }
      },
      "shared_teams": {
        "runtimeSource": "embedded",
        "connection": {
          "connectionReferenceLogicalName": "new_Teams"
        },
        "api": {
          "name": "shared_teams"
        }
      }
    },
    "definition": {
      "$schema": "https://schema.management.azure.com/providers/Microsoft.Logic/schemas/2016-06-01/workflowdefinition.json#",
      "contentVersion": "1.0.0.0",
      "parameters": {
        "$connections": {
          "defaultValue": {},
          "type": "Object"
        },
        "$authentication": {
          "defaultValue": {},
          "type": "SecureObject"
        }
      },
      "triggers": {
        "When_an_item_is_created": {
          "recurrence": {
            "interval": 1,
            "frequency": "Minute"
          },
          "splitOn": "@triggerOutputs()?['body/value']",
          "metadata": {
            "operationMetadataId": "aba26078-93d8-4372-95f7-2361414027e6"
          },
          "type": "OpenApiConnection",
          "inputs": {
            "host": {
              "connectionName": "shared_sharepointonline",
              "operationId": "GetOnNewItems",
              "apiId": "/providers/Microsoft.PowerApps/apis/shared_sharepointonline"
            },
            "parameters": {
              "dataset": "https://gov210645.sharepoint.com/sites/MicrosoftBOLOApp",
              "table": "d680139e-f0ed-4ba5-bb0b-da637a41f4d3"
            },
            "authentication": "@parameters('$authentication')"
          }
        }
      },
      "actions": {
        "Initialize_variable": {
          "runAfter": {
            "Parse_JSON": [
              "Succeeded"
            ]
          },
          "metadata": {
            "operationMetadataId": "2777b946-b318-4297-b6f1-210b432b28a9"
          },
          "type": "InitializeVariable",
          "inputs": {
            "variables": [
              {
                "name": "varImage",
                "type": "string",
                "value": "@body('Parse_JSON')?['AbsoluteUri']"
              }
            ]
          }
        },
        "Get_item": {
          "runAfter": {},
          "metadata": {
            "operationMetadataId": "fbcddb3c-0c44-4e65-832f-e712f4739b28"
          },
          "type": "OpenApiConnection",
          "inputs": {
            "host": {
              "connectionName": "shared_sharepointonline",
              "operationId": "GetItem",
              "apiId": "/providers/Microsoft.PowerApps/apis/shared_sharepointonline"
            },
            "parameters": {
              "dataset": "https://gov210645.sharepoint.com/sites/MicrosoftBOLOApp",
              "table": "d680139e-f0ed-4ba5-bb0b-da637a41f4d3",
              "id": "@triggerOutputs()?['body/ID']"
            },
            "authentication": "@parameters('$authentication')"
          }
        },
        "Get_attachments": {
          "runAfter": {
            "Get_item": [
              "Succeeded"
            ]
          },
          "metadata": {
            "operationMetadataId": "79697f57-a0ec-4860-a9fc-9349f6e7f2b5"
          },
          "type": "OpenApiConnection",
          "inputs": {
            "host": {
              "connectionName": "shared_sharepointonline",
              "operationId": "GetItemAttachments",
              "apiId": "/providers/Microsoft.PowerApps/apis/shared_sharepointonline"
            },
            "parameters": {
              "dataset": "https://gov210645.sharepoint.com/sites/MicrosoftBOLOApp",
              "table": "d680139e-f0ed-4ba5-bb0b-da637a41f4d3",
              "itemId": "@outputs('Get_item')?['body/ID']"
            },
            "authentication": "@parameters('$authentication')"
          }
        },
        "Compose": {
          "runAfter": {
            "Get_attachments": [
              "Succeeded"
            ]
          },
          "metadata": {
            "operationMetadataId": "e2dd83e2-0bf0-449d-b1e5-9e7f82bad427"
          },
          "type": "Compose",
          "inputs": "@first(outputs('Get_attachments')?['body'])"
        },
        "Parse_JSON": {
          "runAfter": {
            "Compose": [
              "Succeeded"
            ]
          },
          "metadata": {
            "operationMetadataId": "123d3a27-03d8-4d47-b5ba-9ddb74e8ed96"
          },
          "type": "ParseJson",
          "inputs": {
            "content": "@outputs('Compose')",
            "schema": {
              "type": "object",
              "properties": {
                "Id": {
                  "type": "string"
                },
                "AbsoluteUri": {
                  "type": "string"
                },
                "DisplayName": {
                  "type": "string"
                },
                "@@odata.type": {
                  "type": "string"
                }
              }
            }
          }
        },
        "Switch": {
          "runAfter": {
            "Initialize_variable": [
              "Succeeded"
            ]
          },
          "cases": {
            "Case": {
              "case": "Stolen",
              "actions": {
                "Post_adaptive_card_in_a_chat_or_channel": {
                  "runAfter": {},
                  "type": "OpenApiConnection",
                  "inputs": {
                    "host": {
                      "connectionName": "shared_teams",
                      "operationId": "PostCardToConversation",
                      "apiId": "/providers/Microsoft.PowerApps/apis/shared_teams"
                    },
                    "parameters": {
                      "poster": "User",
                      "location": "Channel",
                      "body/recipient/groupId": "a3e45bc1-24cd-4cb0-b303-5b5e1a49b3f5",
                      "body/recipient/channelId": "19:ebbd027a424946b083f7566c5653eb02@thread.tacv2",
                      "body/messageBody": "{\n    \"$schema\": \"http://adaptivecards.io/schemas/adaptive-card.json\",\n    \"type\": \"AdaptiveCard\",\n    \"version\": \"1.3\",\n    \"body\": [\n        {\n            \"type\": \"ColumnSet\",\n            \"columns\": [\n                {\n                    \"type\": \"Column\",\n                    \"width\": 2,\n                    \"items\": [\n                        {\n                            \"type\": \"TextBlock\",\n                            \"text\": \" @{outputs('Get_item')?['body/State']}- @{outputs('Get_item')?['body/LicenseNumber']} \",\n                            \"weight\": \"bolder\",\n                            \"size\": \"medium\",\n                            \"style\": \"heading\"\n                        },\n                        {\n                            \"type\": \"TextBlock\",\n                            \"text\": \"@{outputs('Get_item')?['body/Make']} @{outputs('Get_item')?['body/Model']} @{outputs('Get_item')?['body/Year']}\",\n                            \"isSubtle\": true,\n                            \"wrap\": true\n                        },\n                        {\n                            \"type\": \"TextBlock\",\n                            \"text\": \"Case Details : @{outputs('Get_item')?['body/CaseDetails']}\",\n                            \"isSubtle\": true,\n                            \"wrap\": true,\n                            \"size\": \"Small\"\n                        },\n                        {\n                            \"type\": \"Container\",\n                            \"$data\": \"${properties}\",\n                            \"items\": [\n                                {\n                                    \"type\": \"TextBlock\",\n                                    \"text\": \"Last Know Location : @{outputs('Get_item')?['body/LastKnownLocation']}\"\n                                }\n                            ]\n                        }\n                    ]\n                },\n                {\n                    \"type\": \"Column\",\n                    \"width\": 1,\n                    \"items\": [\n                        {\n                            \"type\": \"Image\",\n                            \"url\": \"@{variables('varImage')}\"\n                        }\n                    ]\n                }\n            ]\n        }\n    ]\n}  "
                    },
                    "authentication": "@parameters('$authentication')"
                  }
                }
              }
            },
            "Case_2": {
              "case": "Used in Crime",
              "actions": {
                "Post_adaptive_card_in_a_chat_or_channel_2": {
                  "runAfter": {},
                  "type": "OpenApiConnection",
                  "inputs": {
                    "host": {
                      "connectionName": "shared_teams",
                      "operationId": "PostCardToConversation",
                      "apiId": "/providers/Microsoft.PowerApps/apis/shared_teams"
                    },
                    "parameters": {
                      "poster": "User",
                      "location": "Channel",
                      "body/recipient/groupId": "a3e45bc1-24cd-4cb0-b303-5b5e1a49b3f5",
                      "body/recipient/channelId": "19:03f8f2965747494581041f388a7e88e4@thread.tacv2",
                      "body/messageBody": "{\n    \"$schema\": \"http://adaptivecards.io/schemas/adaptive-card.json\",\n    \"type\": \"AdaptiveCard\",\n    \"version\": \"1.3\",\n    \"body\": [\n        {\n            \"type\": \"ColumnSet\",\n            \"columns\": [\n                {\n                    \"type\": \"Column\",\n                    \"width\": 2,\n                    \"items\": [\n                        {\n                            \"type\": \"TextBlock\",\n                            \"text\": \" @{outputs('Get_item')?['body/State']}- @{outputs('Get_item')?['body/LicenseNumber']} \",\n                            \"weight\": \"bolder\",\n                            \"size\": \"medium\",\n                            \"style\": \"heading\"\n                        },\n                        {\n                            \"type\": \"TextBlock\",\n                            \"text\": \"@{outputs('Get_item')?['body/Make']} @{outputs('Get_item')?['body/Model']} @{outputs('Get_item')?['body/Year']}\",\n                            \"isSubtle\": true,\n                            \"wrap\": true\n                        },\n                        {\n                            \"type\": \"TextBlock\",\n                            \"text\": \"Case Details : @{outputs('Get_item')?['body/CaseDetails']}\",\n                            \"isSubtle\": true,\n                            \"wrap\": true,\n                            \"size\": \"Small\"\n                        },\n                        {\n                            \"type\": \"Container\",\n                            \"$data\": \"${properties}\",\n                            \"items\": [\n                                {\n                                    \"type\": \"TextBlock\",\n                                    \"text\": \"Last Know Location : @{outputs('Get_item')?['body/LastKnownLocation']}\"\n                                }\n                            ]\n                        }\n                    ]\n                },\n                {\n                    \"type\": \"Column\",\n                    \"width\": 1,\n                    \"items\": [\n                        {\n                            \"type\": \"Image\",\n                            \"url\": \"@{variables('varImage')}\"\n                        }\n                    ]\n                }\n            ]\n        }\n    ]\n}  "
                    },
                    "authentication": "@parameters('$authentication')"
                  }
                }
              }
            }
          },
          "default": {
            "actions": {}
          },
          "expression": "@outputs('Get_item')?['body/BOLOType']",
          "metadata": {
            "operationMetadataId": "0868443f-f9eb-4634-ae39-b3986585a50f"
          },
          "type": "Switch"
        }
      }
    }
  },
  "schemaVersion": "1.0.0.0"
}